site_category,model,cpu,default_ram,default_storage,min_price_inr,max_price_inr,mrp_inr,n_variants,review_count,url
Daily Tasks,"Helix (Intel i3-1215U, 12th Gen)",Intel® Core™ i3-1215U (12th Gen),12 GB LPDDR5 4800 MHz (On-board),Dual NVMe: 1x M.2 2280 + 1x M.2 2242 (up to 2TB each),29999,44999,,5,,https://www.electroniksindia.com/products/helix-by-skullsaints-intel-core-series-12gb-lpddr5-4800mhz-dual-nvme-pcie-ssd-usb-3-2-usb-c-10gbps-4k-2-5gbps-lan-wi-fi-6-bt-5-2-4k-triple-display-mini-pc
Daily Tasks,Mist (AMD Ryzen 3 4300U),"AMD Ryzen™ 3 4300U (4C / 4T, 2.7 – 3.7 GHz, 15W)",Dual DDR4-3200 SO-DIMM — up to 32 GB,Dual Slots M.2 2280 NVMe/SATA (up to 4 TB) M.2 2242 NVMe/SATA (up to 2 TB),18999,35999,,7,,https://www.electroniksindia.com/products/mist-by-skullsaints-ryzen-3-4300u-ddr4-dual-channel-pcie-nvme-ssd-usb-3-2-gen2-usb-c-dp-pd-2-5gbps-lan-wi-fi-6-bt-5-3-4k-dual-display-mini-pc
Daily Tasks,CoreX (AMD Ryzen 5 4500U),AMD Ryzen™ 5 4500U,Dual DDR4 SO-DIMM — up to 64 GB,2 × M.2 (2242 + 2280) SATA & NVMe — up to 4 TB,20999,51499,,26,42,https://www.electroniksindia.com/products/corex-by-skullsaints-powered-by-ryzen-5-4500u-wi-fi-6e-bt-5-3-triple-display-and-expandable-ram-storage-ai-mini-pc
Daily Tasks,Agni (Intel N150 Twin Lake),Intel Alder-N Lake N150,Single DDR4 — up to 32 GB,M.2 2280 NVMe + M.2 SATA — up to 8 TB,18999,42999,39999,9,42,https://www.electroniksindia.com/products/agni-by-skullsaints-mini-pc-intel-twin-lake-n150-vibrant-lcd-screen-m-2-ssd-mini-tower-with-rgb-lights-wifi-6-4k-uhd-dual-lan-for-home-and-office
Daily Tasks,Ash (Intel N150 Twin Lake),Intel Alder-N Lake N150,16 GB LPDDR5 4800 MHz (non-expandable),M.2 2242 — up to 2 TB,34999,42999,44999,3,11,https://www.electroniksindia.com/products/ash-by-skullsaints-mini-pc-intel-twin-lake-n150-16gb-lpddr5-triple-display-support-m-2-nvme-wifi-5-bluetooth-5-2
Daily Tasks,Rudra (Intel N150 Twin Lake),Intel Alder-N Lake N150,16 GB LPDDR5 4800 MHz (non-expandable),M.2 2242 — up to 2 TB,33999,42999,37999,3,101,https://www.electroniksindia.com/products/rudra-by-skullsaints-mini-pc-with-n150-twin-lake-upto-3-6ghz-16gb-ddr5-ram-512gb-m-2-ssd-triple-4k-display-dual-lan-wifi-6-bluetooth-5-2-win-11-pro
Daily Tasks,Pulse (Intel Celeron 5205U),Intel Celeron 5205U,Single DDR4 — up to 32 GB,1 × M.2 2280 (up to 2 TB) + 1 × M.2 2242 (up to 1 TB),12999,17999,39999,2,,https://www.electroniksindia.com/products/pulse-by-skullsaints-mini-pc-intel-celeron-5205u-dual-m-2-ssd-slots-2-5gb-lan-hdmi-dual-4k-display-wifi-5-bt-5-0
Heavy Work,CoreX (AMD Ryzen 7 4800H),AMD Ryzen™ 7 4800H,Dual DDR4 SO-DIMM — up to 64 GB,2 × M.2 (2242 + 2280) SATA & NVMe — up to 4 TB,27999,58499,,26,42,https://www.electroniksindia.com/products/corex-powered-by-ryzen-7-4800h-wi-fi-6-bt-5-2-triple-display-and-expandable-ram-storage
Heavy Work,CoreX (AMD Ryzen 9 5900HX),AMD Ryzen™ 9 5900HX,Dual DDR4 SO-DIMM — up to 64 GB,2 × M.2 (2242 + 2280) SATA & NVMe — up to 4 TB,33999,63499,,26,42,https://www.electroniksindia.com/products/corex-powered-by-ryzen-9-5900hx-wi-fi-6-bt-5-2-triple-display-and-expandable-ram-storage-ai-mini-pc
Heavy Work,Dragon (AMD Ryzen 5 5600U),AMD Ryzen™ 5 5600U (TSMC 7nm),Dual-Channel DDR4 SODIMM 3200 MHz — up to 64 GB,,27999,44999,99999,7,22,https://www.electroniksindia.com/products/skullsaints-dragon-ryzen-5-5600u-colorful-mini-pc
Heavy Work,"Jupiter (Intel Core Ultra 5 135H, 14th Gen)",Intel® Core Ultra 5 135H,Dual DDR5 SO-DIMM — up to 64 GB,1 × M.2 2280 SATA/NVMe PCIe 4.0 (up to 4 TB),47999,104999,69999,3,11,https://www.electroniksindia.com/products/jupiter-by-skullsaints-intel-core-ultra-5-135h-14-cores-18-threads-arc-graphics-ddr5-pcie-4-0-wi-fi-6-bluetooth-5-2-ai-optimized-mini-pc
Extreme Power,CoreX Pro Max (AMD Ryzen 7 7840HS),AMD Ryzen™ 7 7840HS (Zen 4),32GB LPDDR5 6400MHz (Non-expandable),2 × M.2 2280 NVMe (Supports up to 8TB total),84999,99500,129000,5,42,https://www.electroniksindia.com/products/corex-pro-max-by-skullsaints-amd-ryzen-7-7840hs-radeon-780m-graphics-32gb-lpddr5-6400mhz-ram-upto-8tb-storage-usb4-8k-support-2-5g-lan-wi-fi-6-bt5-2-and-quad-display-support
Extreme Power,Fury (AMD Ryzen 7 7840HS),AMD Ryzen™ 7 7840HS,Dual DDR5 SO-DIMM 5600 MHz — up to 256 GB,2 × M.2 2280 NVMe (up to 4 TB each),49999,99500,129000,7,15,https://www.electroniksindia.com/products/fury-by-skullsaints-compact-mini-pc-with-amd-ryzen-7840hs-radeon-780m-graphics-usb4-8k-support-dual-2-5g-lan-and-wi-fi-6-bt5-2-triple-display
Extreme Power,"Fury-X (AMD Ryzen 7 7840HS, OCuLink)",AMD Ryzen™ 7 7840HS (Zen4),Dual DDR5 SO-DIMM 5600 MHz — up to 64 GB,2 × M.2 2280 NVMe PCIe 4.0 (up to 4 TB per slot),46999,94999,129000,5,1,https://www.electroniksindia.com/products/fury-x-by-skullsaints-amd-ryzen-7840hs-radeon-780m-graphics-usb4-8k-support-dual-2-5g-lan-and-wi-fi-6e-bt5-3-triple-display-with-oculink-port
Extreme Power,CoreX Pro (AMD Ryzen 7 6800H),AMD Ryzen™ 7 6800H,24 GB LPDDR5 6400 MHz (non-expandable),2 × M.2 (2242 + 2280) SATA & NVMe (up to 4 TB),41999,61999,39999,20,42,https://www.electroniksindia.com/products/corex-pro-by-skullsaints-powered-by-ryzen-7-6800h-24gb-lpddr5-6400mhz-usb-4-0-2-5gbps-lan-wi-fi-6e-bt-5-3-triple-display-ai-mini-pc
Extreme Power,"Jupiter (Intel Core Ultra 7 155H, 14th Gen)",Intel® Core Ultra 7 155H,Dual DDR5 SO-DIMM — up to 64 GB,1 × M.2 2280 SATA/NVMe PCIe 4.0 (up to 4 TB),53999,107999,69999,7,11,https://www.electroniksindia.com/products/jupiter-by-skullsaints-intel-core-ultra-7-155h-16-cores-22-threads-arc-graphics-ddr5-pcie-4-0-wi-fi-6-bluetooth-5-2-ai-optimized-high-performance-mini-pc
NAS Mini PC,Nebula NAS (Intel N150 Twin Lake),Intel Alder-N Lake N150,12 GB LPDDR5 (non-expandable),1 × M.2 2280 NVMe & SATA + 3 × M.2 NVMe (PCIe 3.0) — up to 16 TB,27999,27999,34999,1,3,https://www.electroniksindia.com/products/nebula-by-skullsaints-mini-pc-nas-hybrid-with-intel-n150-12gb-lpddr5-quad-m-2-slots-up-to-16tb-dual-2-5g-lan-wifi-6-usb3-2-hdmi-4k-type-c-pd
Industrial Fanless,Onyx Industrial (Intel Celeron J6412),"Intel Celeron J6412 (4C / 4T, up to 2.6 GHz)",2 × DDR4 SO-DIMM 2666 MHz 8 GB Included (Up to 32 GB),1 × M.2 NVMe SSD 256 GB Included (Up to 2 TB),19999,39999,39999,7,13,https://www.electroniksindia.com/products/skullsaints-onyx-intel-j6412
Legacy / Older Listings,Rudra (Intel Alder Lake N100 / N5105) [legacy],,,,22999,22999,37999,3,101,https://www.electroniksindia.com/products/rudra-by-skullsaints-intel-12th-gen-alder-lake-processor-hdmi-4k-60hz-3-screen-display-dual-ethernet-cube-mini-pocket-pc
Legacy / Older Listings,Titan (AMD Ryzen 9 6900HX) [legacy],,,,44999,59999,129000,2,3,https://www.electroniksindia.com/products/titan-by-skullsaints-amd-ryzen-9-6900hx-8c-16t-upto-4-9ghz-ddr5-4800mhz-dual-m-2-ssd-wifi-6-bt-5-2-rgb-gaming-mini-pc
