site_category,model,cpu,ram_spec,storage_spec,configuration,price_inr,compare_at_price_inr,discount_pct,url,handle
Daily Tasks,"Helix (Intel i3-1215U, 12th Gen)",Intel® Core™ i3-1215U (12th Gen),12 GB LPDDR5 4800 MHz (On-board),Dual NVMe: 1x M.2 2280 + 1x M.2 2242 (up to 2TB each),"Core i3 - 1215U (6 Cores, 8 Threads, upto 4.4 GHz) / 12GB LPDDR5 4800MHz / 0GB",29999,,,https://www.electroniksindia.com/products/helix-by-skullsaints-intel-core-series-12gb-lpddr5-4800mhz-dual-nvme-pcie-ssd-usb-3-2-usb-c-10gbps-4k-2-5gbps-lan-wi-fi-6-bt-5-2-4k-triple-display-mini-pc,helix-by-skullsaints-intel-core-series-12gb-lpddr5-4800mhz-dual-nvme-pcie-ssd-usb-3-2-usb-c-10gbps-4k-2-5gbps-lan-wi-fi-6-bt-5-2-4k-triple-display-mini-pc
Daily Tasks,"Helix (Intel i3-1215U, 12th Gen)",Intel® Core™ i3-1215U (12th Gen),12 GB LPDDR5 4800 MHz (On-board),Dual NVMe: 1x M.2 2280 + 1x M.2 2242 (up to 2TB each),"Core i3 - 1215U (6 Cores, 8 Threads, upto 4.4 GHz) / 12GB LPDDR5 4800MHz / 128GB M.2 + Win 11 Pro",31999,,,https://www.electroniksindia.com/products/helix-by-skullsaints-intel-core-series-12gb-lpddr5-4800mhz-dual-nvme-pcie-ssd-usb-3-2-usb-c-10gbps-4k-2-5gbps-lan-wi-fi-6-bt-5-2-4k-triple-display-mini-pc,helix-by-skullsaints-intel-core-series-12gb-lpddr5-4800mhz-dual-nvme-pcie-ssd-usb-3-2-usb-c-10gbps-4k-2-5gbps-lan-wi-fi-6-bt-5-2-4k-triple-display-mini-pc
Daily Tasks,"Helix (Intel i3-1215U, 12th Gen)",Intel® Core™ i3-1215U (12th Gen),12 GB LPDDR5 4800 MHz (On-board),Dual NVMe: 1x M.2 2280 + 1x M.2 2242 (up to 2TB each),"Core i3 - 1215U (6 Cores, 8 Threads, upto 4.4 GHz) / 12GB LPDDR5 4800MHz / 256GB M.2 + Win 11 Pro",33999,,,https://www.electroniksindia.com/products/helix-by-skullsaints-intel-core-series-12gb-lpddr5-4800mhz-dual-nvme-pcie-ssd-usb-3-2-usb-c-10gbps-4k-2-5gbps-lan-wi-fi-6-bt-5-2-4k-triple-display-mini-pc,helix-by-skullsaints-intel-core-series-12gb-lpddr5-4800mhz-dual-nvme-pcie-ssd-usb-3-2-usb-c-10gbps-4k-2-5gbps-lan-wi-fi-6-bt-5-2-4k-triple-display-mini-pc
Daily Tasks,"Helix (Intel i3-1215U, 12th Gen)",Intel® Core™ i3-1215U (12th Gen),12 GB LPDDR5 4800 MHz (On-board),Dual NVMe: 1x M.2 2280 + 1x M.2 2242 (up to 2TB each),"Core i3 - 1215U (6 Cores, 8 Threads, upto 4.4 GHz) / 12GB LPDDR5 4800MHz / 512GB M.2 + Win 11 Pro",38999,,,https://www.electroniksindia.com/products/helix-by-skullsaints-intel-core-series-12gb-lpddr5-4800mhz-dual-nvme-pcie-ssd-usb-3-2-usb-c-10gbps-4k-2-5gbps-lan-wi-fi-6-bt-5-2-4k-triple-display-mini-pc,helix-by-skullsaints-intel-core-series-12gb-lpddr5-4800mhz-dual-nvme-pcie-ssd-usb-3-2-usb-c-10gbps-4k-2-5gbps-lan-wi-fi-6-bt-5-2-4k-triple-display-mini-pc
Daily Tasks,"Helix (Intel i3-1215U, 12th Gen)",Intel® Core™ i3-1215U (12th Gen),12 GB LPDDR5 4800 MHz (On-board),Dual NVMe: 1x M.2 2280 + 1x M.2 2242 (up to 2TB each),"Core i3 - 1215U (6 Cores, 8 Threads, upto 4.4 GHz) / 12GB LPDDR5 4800MHz / 1TB M.2 + Win 11 Pro",44999,,,https://www.electroniksindia.com/products/helix-by-skullsaints-intel-core-series-12gb-lpddr5-4800mhz-dual-nvme-pcie-ssd-usb-3-2-usb-c-10gbps-4k-2-5gbps-lan-wi-fi-6-bt-5-2-4k-triple-display-mini-pc,helix-by-skullsaints-intel-core-series-12gb-lpddr5-4800mhz-dual-nvme-pcie-ssd-usb-3-2-usb-c-10gbps-4k-2-5gbps-lan-wi-fi-6-bt-5-2-4k-triple-display-mini-pc
Daily Tasks,Mist (AMD Ryzen 3 4300U),"AMD Ryzen™ 3 4300U (4C / 4T, 2.7 – 3.7 GHz, 15W)",Dual DDR4-3200 SO-DIMM — up to 32 GB,Dual Slots M.2 2280 NVMe/SATA (up to 4 TB) M.2 2242 NVMe/SATA (up to 2 TB),0GB / 0GB,18999,,,https://www.electroniksindia.com/products/mist-by-skullsaints-ryzen-3-4300u-ddr4-dual-channel-pcie-nvme-ssd-usb-3-2-gen2-usb-c-dp-pd-2-5gbps-lan-wi-fi-6-bt-5-3-4k-dual-display-mini-pc,mist-by-skullsaints-ryzen-3-4300u-ddr4-dual-channel-pcie-nvme-ssd-usb-3-2-gen2-usb-c-dp-pd-2-5gbps-lan-wi-fi-6-bt-5-3-4k-dual-display-mini-pc
Daily Tasks,Mist (AMD Ryzen 3 4300U),"AMD Ryzen™ 3 4300U (4C / 4T, 2.7 – 3.7 GHz, 15W)",Dual DDR4-3200 SO-DIMM — up to 32 GB,Dual Slots M.2 2280 NVMe/SATA (up to 4 TB) M.2 2242 NVMe/SATA (up to 2 TB),8GB DDR4 3200MHz / 128GB M.2 2280 + Win 11 Pro,24499,,,https://www.electroniksindia.com/products/mist-by-skullsaints-ryzen-3-4300u-ddr4-dual-channel-pcie-nvme-ssd-usb-3-2-gen2-usb-c-dp-pd-2-5gbps-lan-wi-fi-6-bt-5-3-4k-dual-display-mini-pc,mist-by-skullsaints-ryzen-3-4300u-ddr4-dual-channel-pcie-nvme-ssd-usb-3-2-gen2-usb-c-dp-pd-2-5gbps-lan-wi-fi-6-bt-5-3-4k-dual-display-mini-pc
Daily Tasks,Mist (AMD Ryzen 3 4300U),"AMD Ryzen™ 3 4300U (4C / 4T, 2.7 – 3.7 GHz, 15W)",Dual DDR4-3200 SO-DIMM — up to 32 GB,Dual Slots M.2 2280 NVMe/SATA (up to 4 TB) M.2 2242 NVMe/SATA (up to 2 TB),8GB DDR4 3200MHz / 256GB M.2 2280 + Win 11 Pro,25999,,,https://www.electroniksindia.com/products/mist-by-skullsaints-ryzen-3-4300u-ddr4-dual-channel-pcie-nvme-ssd-usb-3-2-gen2-usb-c-dp-pd-2-5gbps-lan-wi-fi-6-bt-5-3-4k-dual-display-mini-pc,mist-by-skullsaints-ryzen-3-4300u-ddr4-dual-channel-pcie-nvme-ssd-usb-3-2-gen2-usb-c-dp-pd-2-5gbps-lan-wi-fi-6-bt-5-3-4k-dual-display-mini-pc
Daily Tasks,Mist (AMD Ryzen 3 4300U),"AMD Ryzen™ 3 4300U (4C / 4T, 2.7 – 3.7 GHz, 15W)",Dual DDR4-3200 SO-DIMM — up to 32 GB,Dual Slots M.2 2280 NVMe/SATA (up to 4 TB) M.2 2242 NVMe/SATA (up to 2 TB),8GB DDR4 3200MHz / 512GB M.2 2280 + Win 11 Pro,29999,,,https://www.electroniksindia.com/products/mist-by-skullsaints-ryzen-3-4300u-ddr4-dual-channel-pcie-nvme-ssd-usb-3-2-gen2-usb-c-dp-pd-2-5gbps-lan-wi-fi-6-bt-5-3-4k-dual-display-mini-pc,mist-by-skullsaints-ryzen-3-4300u-ddr4-dual-channel-pcie-nvme-ssd-usb-3-2-gen2-usb-c-dp-pd-2-5gbps-lan-wi-fi-6-bt-5-3-4k-dual-display-mini-pc
Daily Tasks,Mist (AMD Ryzen 3 4300U),"AMD Ryzen™ 3 4300U (4C / 4T, 2.7 – 3.7 GHz, 15W)",Dual DDR4-3200 SO-DIMM — up to 32 GB,Dual Slots M.2 2280 NVMe/SATA (up to 4 TB) M.2 2242 NVMe/SATA (up to 2 TB),16GB DDR4 3200MHz / 128GB M.2 2280 + Win 11 Pro,29499,,,https://www.electroniksindia.com/products/mist-by-skullsaints-ryzen-3-4300u-ddr4-dual-channel-pcie-nvme-ssd-usb-3-2-gen2-usb-c-dp-pd-2-5gbps-lan-wi-fi-6-bt-5-3-4k-dual-display-mini-pc,mist-by-skullsaints-ryzen-3-4300u-ddr4-dual-channel-pcie-nvme-ssd-usb-3-2-gen2-usb-c-dp-pd-2-5gbps-lan-wi-fi-6-bt-5-3-4k-dual-display-mini-pc
Daily Tasks,Mist (AMD Ryzen 3 4300U),"AMD Ryzen™ 3 4300U (4C / 4T, 2.7 – 3.7 GHz, 15W)",Dual DDR4-3200 SO-DIMM — up to 32 GB,Dual Slots M.2 2280 NVMe/SATA (up to 4 TB) M.2 2242 NVMe/SATA (up to 2 TB),16GB DDR4 3200MHz / 256GB M.2 2280 + Win 11 Pro,30999,,,https://www.electroniksindia.com/products/mist-by-skullsaints-ryzen-3-4300u-ddr4-dual-channel-pcie-nvme-ssd-usb-3-2-gen2-usb-c-dp-pd-2-5gbps-lan-wi-fi-6-bt-5-3-4k-dual-display-mini-pc,mist-by-skullsaints-ryzen-3-4300u-ddr4-dual-channel-pcie-nvme-ssd-usb-3-2-gen2-usb-c-dp-pd-2-5gbps-lan-wi-fi-6-bt-5-3-4k-dual-display-mini-pc
Daily Tasks,Mist (AMD Ryzen 3 4300U),"AMD Ryzen™ 3 4300U (4C / 4T, 2.7 – 3.7 GHz, 15W)",Dual DDR4-3200 SO-DIMM — up to 32 GB,Dual Slots M.2 2280 NVMe/SATA (up to 4 TB) M.2 2242 NVMe/SATA (up to 2 TB),16GB DDR4 3200MHz / 512GB M.2 2280 + Win 11 Pro,35999,,,https://www.electroniksindia.com/products/mist-by-skullsaints-ryzen-3-4300u-ddr4-dual-channel-pcie-nvme-ssd-usb-3-2-gen2-usb-c-dp-pd-2-5gbps-lan-wi-fi-6-bt-5-3-4k-dual-display-mini-pc,mist-by-skullsaints-ryzen-3-4300u-ddr4-dual-channel-pcie-nvme-ssd-usb-3-2-gen2-usb-c-dp-pd-2-5gbps-lan-wi-fi-6-bt-5-3-4k-dual-display-mini-pc
Daily Tasks,CoreX (AMD Ryzen 5 4500U),AMD Ryzen™ 5 4500U,Dual DDR4 SO-DIMM — up to 64 GB,2 × M.2 (2242 + 2280) SATA & NVMe — up to 4 TB,Black / 0GB / 0GB,20999,,,https://www.electroniksindia.com/products/corex-by-skullsaints-powered-by-ryzen-5-4500u-wi-fi-6e-bt-5-3-triple-display-and-expandable-ram-storage-ai-mini-pc,corex-by-skullsaints-powered-by-ryzen-5-4500u-wi-fi-6e-bt-5-3-triple-display-and-expandable-ram-storage-ai-mini-pc
Daily Tasks,CoreX (AMD Ryzen 5 4500U),AMD Ryzen™ 5 4500U,Dual DDR4 SO-DIMM — up to 64 GB,2 × M.2 (2242 + 2280) SATA & NVMe — up to 4 TB,Black / 8GB DDR4 3200MHz / 128GB M.2 + Win 11 Pro,27999,,,https://www.electroniksindia.com/products/corex-by-skullsaints-powered-by-ryzen-5-4500u-wi-fi-6e-bt-5-3-triple-display-and-expandable-ram-storage-ai-mini-pc,corex-by-skullsaints-powered-by-ryzen-5-4500u-wi-fi-6e-bt-5-3-triple-display-and-expandable-ram-storage-ai-mini-pc
Daily Tasks,CoreX (AMD Ryzen 5 4500U),AMD Ryzen™ 5 4500U,Dual DDR4 SO-DIMM — up to 64 GB,2 × M.2 (2242 + 2280) SATA & NVMe — up to 4 TB,Black / 8GB DDR4 3200MHz / 256GB M.2 + Win 11 Pro,28999,,,https://www.electroniksindia.com/products/corex-by-skullsaints-powered-by-ryzen-5-4500u-wi-fi-6e-bt-5-3-triple-display-and-expandable-ram-storage-ai-mini-pc,corex-by-skullsaints-powered-by-ryzen-5-4500u-wi-fi-6e-bt-5-3-triple-display-and-expandable-ram-storage-ai-mini-pc
Daily Tasks,CoreX (AMD Ryzen 5 4500U),AMD Ryzen™ 5 4500U,Dual DDR4 SO-DIMM — up to 64 GB,2 × M.2 (2242 + 2280) SATA & NVMe — up to 4 TB,Black / 8GB DDR4 3200MHz / 512GB M.2 NVME + Win 11 Pro,31999,,,https://www.electroniksindia.com/products/corex-by-skullsaints-powered-by-ryzen-5-4500u-wi-fi-6e-bt-5-3-triple-display-and-expandable-ram-storage-ai-mini-pc,corex-by-skullsaints-powered-by-ryzen-5-4500u-wi-fi-6e-bt-5-3-triple-display-and-expandable-ram-storage-ai-mini-pc
Daily Tasks,CoreX (AMD Ryzen 5 4500U),AMD Ryzen™ 5 4500U,Dual DDR4 SO-DIMM — up to 64 GB,2 × M.2 (2242 + 2280) SATA & NVMe — up to 4 TB,Black / 8GB DDR4 3200MHz / 1TB M.2 NVME + Win 11 Pro,37999,,,https://www.electroniksindia.com/products/corex-by-skullsaints-powered-by-ryzen-5-4500u-wi-fi-6e-bt-5-3-triple-display-and-expandable-ram-storage-ai-mini-pc,corex-by-skullsaints-powered-by-ryzen-5-4500u-wi-fi-6e-bt-5-3-triple-display-and-expandable-ram-storage-ai-mini-pc
Daily Tasks,CoreX (AMD Ryzen 5 4500U),AMD Ryzen™ 5 4500U,Dual DDR4 SO-DIMM — up to 64 GB,2 × M.2 (2242 + 2280) SATA & NVMe — up to 4 TB,Black / 16GB DDR4 3200MHz / 128GB M.2 + Win 11 Pro,32499,,,https://www.electroniksindia.com/products/corex-by-skullsaints-powered-by-ryzen-5-4500u-wi-fi-6e-bt-5-3-triple-display-and-expandable-ram-storage-ai-mini-pc,corex-by-skullsaints-powered-by-ryzen-5-4500u-wi-fi-6e-bt-5-3-triple-display-and-expandable-ram-storage-ai-mini-pc
Daily Tasks,CoreX (AMD Ryzen 5 4500U),AMD Ryzen™ 5 4500U,Dual DDR4 SO-DIMM — up to 64 GB,2 × M.2 (2242 + 2280) SATA & NVMe — up to 4 TB,Black / 16GB DDR4 3200MHz / 256GB M.2 + Win 11 Pro,33499,,,https://www.electroniksindia.com/products/corex-by-skullsaints-powered-by-ryzen-5-4500u-wi-fi-6e-bt-5-3-triple-display-and-expandable-ram-storage-ai-mini-pc,corex-by-skullsaints-powered-by-ryzen-5-4500u-wi-fi-6e-bt-5-3-triple-display-and-expandable-ram-storage-ai-mini-pc
Daily Tasks,CoreX (AMD Ryzen 5 4500U),AMD Ryzen™ 5 4500U,Dual DDR4 SO-DIMM — up to 64 GB,2 × M.2 (2242 + 2280) SATA & NVMe — up to 4 TB,Black / 16GB DDR4 3200MHz / 512GB M.2 NVME + Win 11 Pro,36499,,,https://www.electroniksindia.com/products/corex-by-skullsaints-powered-by-ryzen-5-4500u-wi-fi-6e-bt-5-3-triple-display-and-expandable-ram-storage-ai-mini-pc,corex-by-skullsaints-powered-by-ryzen-5-4500u-wi-fi-6e-bt-5-3-triple-display-and-expandable-ram-storage-ai-mini-pc
Daily Tasks,CoreX (AMD Ryzen 5 4500U),AMD Ryzen™ 5 4500U,Dual DDR4 SO-DIMM — up to 64 GB,2 × M.2 (2242 + 2280) SATA & NVMe — up to 4 TB,Black / 16GB DDR4 3200MHz / 1TB M.2 NVME + Win 11 Pro,42499,,,https://www.electroniksindia.com/products/corex-by-skullsaints-powered-by-ryzen-5-4500u-wi-fi-6e-bt-5-3-triple-display-and-expandable-ram-storage-ai-mini-pc,corex-by-skullsaints-powered-by-ryzen-5-4500u-wi-fi-6e-bt-5-3-triple-display-and-expandable-ram-storage-ai-mini-pc
Daily Tasks,CoreX (AMD Ryzen 5 4500U),AMD Ryzen™ 5 4500U,Dual DDR4 SO-DIMM — up to 64 GB,2 × M.2 (2242 + 2280) SATA & NVMe — up to 4 TB,Black / 32GB DDR4 3200MHz (16*2) / 128GB M.2 + Win 11 Pro,41499,,,https://www.electroniksindia.com/products/corex-by-skullsaints-powered-by-ryzen-5-4500u-wi-fi-6e-bt-5-3-triple-display-and-expandable-ram-storage-ai-mini-pc,corex-by-skullsaints-powered-by-ryzen-5-4500u-wi-fi-6e-bt-5-3-triple-display-and-expandable-ram-storage-ai-mini-pc
Daily Tasks,CoreX (AMD Ryzen 5 4500U),AMD Ryzen™ 5 4500U,Dual DDR4 SO-DIMM — up to 64 GB,2 × M.2 (2242 + 2280) SATA & NVMe — up to 4 TB,Black / 32GB DDR4 3200MHz (16*2) / 256GB M.2 + Win 11 Pro,42499,,,https://www.electroniksindia.com/products/corex-by-skullsaints-powered-by-ryzen-5-4500u-wi-fi-6e-bt-5-3-triple-display-and-expandable-ram-storage-ai-mini-pc,corex-by-skullsaints-powered-by-ryzen-5-4500u-wi-fi-6e-bt-5-3-triple-display-and-expandable-ram-storage-ai-mini-pc
Daily Tasks,CoreX (AMD Ryzen 5 4500U),AMD Ryzen™ 5 4500U,Dual DDR4 SO-DIMM — up to 64 GB,2 × M.2 (2242 + 2280) SATA & NVMe — up to 4 TB,Black / 32GB DDR4 3200MHz (16*2) / 512GB M.2 NVME + Win 11 Pro,45499,,,https://www.electroniksindia.com/products/corex-by-skullsaints-powered-by-ryzen-5-4500u-wi-fi-6e-bt-5-3-triple-display-and-expandable-ram-storage-ai-mini-pc,corex-by-skullsaints-powered-by-ryzen-5-4500u-wi-fi-6e-bt-5-3-triple-display-and-expandable-ram-storage-ai-mini-pc
Daily Tasks,CoreX (AMD Ryzen 5 4500U),AMD Ryzen™ 5 4500U,Dual DDR4 SO-DIMM — up to 64 GB,2 × M.2 (2242 + 2280) SATA & NVMe — up to 4 TB,Black / 32GB DDR4 3200MHz (16*2) / 1TB M.2 NVME + Win 11 Pro,51499,,,https://www.electroniksindia.com/products/corex-by-skullsaints-powered-by-ryzen-5-4500u-wi-fi-6e-bt-5-3-triple-display-and-expandable-ram-storage-ai-mini-pc,corex-by-skullsaints-powered-by-ryzen-5-4500u-wi-fi-6e-bt-5-3-triple-display-and-expandable-ram-storage-ai-mini-pc
Daily Tasks,CoreX (AMD Ryzen 5 4500U),AMD Ryzen™ 5 4500U,Dual DDR4 SO-DIMM — up to 64 GB,2 × M.2 (2242 + 2280) SATA & NVMe — up to 4 TB,Silver / 0GB / 0GB,20999,,,https://www.electroniksindia.com/products/corex-by-skullsaints-powered-by-ryzen-5-4500u-wi-fi-6e-bt-5-3-triple-display-and-expandable-ram-storage-ai-mini-pc,corex-by-skullsaints-powered-by-ryzen-5-4500u-wi-fi-6e-bt-5-3-triple-display-and-expandable-ram-storage-ai-mini-pc
Daily Tasks,CoreX (AMD Ryzen 5 4500U),AMD Ryzen™ 5 4500U,Dual DDR4 SO-DIMM — up to 64 GB,2 × M.2 (2242 + 2280) SATA & NVMe — up to 4 TB,Silver / 8GB DDR4 3200MHz / 128GB M.2 + Win 11 Pro,27999,,,https://www.electroniksindia.com/products/corex-by-skullsaints-powered-by-ryzen-5-4500u-wi-fi-6e-bt-5-3-triple-display-and-expandable-ram-storage-ai-mini-pc,corex-by-skullsaints-powered-by-ryzen-5-4500u-wi-fi-6e-bt-5-3-triple-display-and-expandable-ram-storage-ai-mini-pc
Daily Tasks,CoreX (AMD Ryzen 5 4500U),AMD Ryzen™ 5 4500U,Dual DDR4 SO-DIMM — up to 64 GB,2 × M.2 (2242 + 2280) SATA & NVMe — up to 4 TB,Silver / 8GB DDR4 3200MHz / 256GB M.2 + Win 11 Pro,28999,,,https://www.electroniksindia.com/products/corex-by-skullsaints-powered-by-ryzen-5-4500u-wi-fi-6e-bt-5-3-triple-display-and-expandable-ram-storage-ai-mini-pc,corex-by-skullsaints-powered-by-ryzen-5-4500u-wi-fi-6e-bt-5-3-triple-display-and-expandable-ram-storage-ai-mini-pc
Daily Tasks,CoreX (AMD Ryzen 5 4500U),AMD Ryzen™ 5 4500U,Dual DDR4 SO-DIMM — up to 64 GB,2 × M.2 (2242 + 2280) SATA & NVMe — up to 4 TB,Silver / 8GB DDR4 3200MHz / 512GB M.2 NVME + Win 11 Pro,31999,,,https://www.electroniksindia.com/products/corex-by-skullsaints-powered-by-ryzen-5-4500u-wi-fi-6e-bt-5-3-triple-display-and-expandable-ram-storage-ai-mini-pc,corex-by-skullsaints-powered-by-ryzen-5-4500u-wi-fi-6e-bt-5-3-triple-display-and-expandable-ram-storage-ai-mini-pc
Daily Tasks,CoreX (AMD Ryzen 5 4500U),AMD Ryzen™ 5 4500U,Dual DDR4 SO-DIMM — up to 64 GB,2 × M.2 (2242 + 2280) SATA & NVMe — up to 4 TB,Silver / 8GB DDR4 3200MHz / 1TB M.2 NVME + Win 11 Pro,37999,,,https://www.electroniksindia.com/products/corex-by-skullsaints-powered-by-ryzen-5-4500u-wi-fi-6e-bt-5-3-triple-display-and-expandable-ram-storage-ai-mini-pc,corex-by-skullsaints-powered-by-ryzen-5-4500u-wi-fi-6e-bt-5-3-triple-display-and-expandable-ram-storage-ai-mini-pc
Daily Tasks,CoreX (AMD Ryzen 5 4500U),AMD Ryzen™ 5 4500U,Dual DDR4 SO-DIMM — up to 64 GB,2 × M.2 (2242 + 2280) SATA & NVMe — up to 4 TB,Silver / 16GB DDR4 3200MHz / 128GB M.2 + Win 11 Pro,32499,,,https://www.electroniksindia.com/products/corex-by-skullsaints-powered-by-ryzen-5-4500u-wi-fi-6e-bt-5-3-triple-display-and-expandable-ram-storage-ai-mini-pc,corex-by-skullsaints-powered-by-ryzen-5-4500u-wi-fi-6e-bt-5-3-triple-display-and-expandable-ram-storage-ai-mini-pc
Daily Tasks,CoreX (AMD Ryzen 5 4500U),AMD Ryzen™ 5 4500U,Dual DDR4 SO-DIMM — up to 64 GB,2 × M.2 (2242 + 2280) SATA & NVMe — up to 4 TB,Silver / 16GB DDR4 3200MHz / 256GB M.2 + Win 11 Pro,33499,,,https://www.electroniksindia.com/products/corex-by-skullsaints-powered-by-ryzen-5-4500u-wi-fi-6e-bt-5-3-triple-display-and-expandable-ram-storage-ai-mini-pc,corex-by-skullsaints-powered-by-ryzen-5-4500u-wi-fi-6e-bt-5-3-triple-display-and-expandable-ram-storage-ai-mini-pc
Daily Tasks,CoreX (AMD Ryzen 5 4500U),AMD Ryzen™ 5 4500U,Dual DDR4 SO-DIMM — up to 64 GB,2 × M.2 (2242 + 2280) SATA & NVMe — up to 4 TB,Silver / 16GB DDR4 3200MHz / 512GB M.2 NVME + Win 11 Pro,36499,,,https://www.electroniksindia.com/products/corex-by-skullsaints-powered-by-ryzen-5-4500u-wi-fi-6e-bt-5-3-triple-display-and-expandable-ram-storage-ai-mini-pc,corex-by-skullsaints-powered-by-ryzen-5-4500u-wi-fi-6e-bt-5-3-triple-display-and-expandable-ram-storage-ai-mini-pc
Daily Tasks,CoreX (AMD Ryzen 5 4500U),AMD Ryzen™ 5 4500U,Dual DDR4 SO-DIMM — up to 64 GB,2 × M.2 (2242 + 2280) SATA & NVMe — up to 4 TB,Silver / 16GB DDR4 3200MHz / 1TB M.2 NVME + Win 11 Pro,42499,,,https://www.electroniksindia.com/products/corex-by-skullsaints-powered-by-ryzen-5-4500u-wi-fi-6e-bt-5-3-triple-display-and-expandable-ram-storage-ai-mini-pc,corex-by-skullsaints-powered-by-ryzen-5-4500u-wi-fi-6e-bt-5-3-triple-display-and-expandable-ram-storage-ai-mini-pc
Daily Tasks,CoreX (AMD Ryzen 5 4500U),AMD Ryzen™ 5 4500U,Dual DDR4 SO-DIMM — up to 64 GB,2 × M.2 (2242 + 2280) SATA & NVMe — up to 4 TB,Silver / 32GB DDR4 3200MHz (16*2) / 128GB M.2 + Win 11 Pro,41499,,,https://www.electroniksindia.com/products/corex-by-skullsaints-powered-by-ryzen-5-4500u-wi-fi-6e-bt-5-3-triple-display-and-expandable-ram-storage-ai-mini-pc,corex-by-skullsaints-powered-by-ryzen-5-4500u-wi-fi-6e-bt-5-3-triple-display-and-expandable-ram-storage-ai-mini-pc
Daily Tasks,CoreX (AMD Ryzen 5 4500U),AMD Ryzen™ 5 4500U,Dual DDR4 SO-DIMM — up to 64 GB,2 × M.2 (2242 + 2280) SATA & NVMe — up to 4 TB,Silver / 32GB DDR4 3200MHz (16*2) / 256GB M.2 + Win 11 Pro,42499,,,https://www.electroniksindia.com/products/corex-by-skullsaints-powered-by-ryzen-5-4500u-wi-fi-6e-bt-5-3-triple-display-and-expandable-ram-storage-ai-mini-pc,corex-by-skullsaints-powered-by-ryzen-5-4500u-wi-fi-6e-bt-5-3-triple-display-and-expandable-ram-storage-ai-mini-pc
Daily Tasks,CoreX (AMD Ryzen 5 4500U),AMD Ryzen™ 5 4500U,Dual DDR4 SO-DIMM — up to 64 GB,2 × M.2 (2242 + 2280) SATA & NVMe — up to 4 TB,Silver / 32GB DDR4 3200MHz (16*2) / 512GB M.2 NVME + Win 11 Pro,45499,,,https://www.electroniksindia.com/products/corex-by-skullsaints-powered-by-ryzen-5-4500u-wi-fi-6e-bt-5-3-triple-display-and-expandable-ram-storage-ai-mini-pc,corex-by-skullsaints-powered-by-ryzen-5-4500u-wi-fi-6e-bt-5-3-triple-display-and-expandable-ram-storage-ai-mini-pc
Daily Tasks,CoreX (AMD Ryzen 5 4500U),AMD Ryzen™ 5 4500U,Dual DDR4 SO-DIMM — up to 64 GB,2 × M.2 (2242 + 2280) SATA & NVMe — up to 4 TB,Silver / 32GB DDR4 3200MHz (16*2) / 1TB M.2 NVME + Win 11 Pro,51499,,,https://www.electroniksindia.com/products/corex-by-skullsaints-powered-by-ryzen-5-4500u-wi-fi-6e-bt-5-3-triple-display-and-expandable-ram-storage-ai-mini-pc,corex-by-skullsaints-powered-by-ryzen-5-4500u-wi-fi-6e-bt-5-3-triple-display-and-expandable-ram-storage-ai-mini-pc
Daily Tasks,Agni (Intel N150 Twin Lake),Intel Alder-N Lake N150,Single DDR4 — up to 32 GB,M.2 2280 NVMe + M.2 SATA — up to 8 TB,0GB / 0GB,18999,39999,53%,https://www.electroniksindia.com/products/agni-by-skullsaints-mini-pc-intel-twin-lake-n150-vibrant-lcd-screen-m-2-ssd-mini-tower-with-rgb-lights-wifi-6-4k-uhd-dual-lan-for-home-and-office,agni-by-skullsaints-mini-pc-intel-twin-lake-n150-vibrant-lcd-screen-m-2-ssd-mini-tower-with-rgb-lights-wifi-6-4k-uhd-dual-lan-for-home-and-office
Daily Tasks,Agni (Intel N150 Twin Lake),Intel Alder-N Lake N150,Single DDR4 — up to 32 GB,M.2 2280 NVMe + M.2 SATA — up to 8 TB,8GB DDR4 3200MHz / 128GB M.2 + Win 11 Pro,25999,39999,35%,https://www.electroniksindia.com/products/agni-by-skullsaints-mini-pc-intel-twin-lake-n150-vibrant-lcd-screen-m-2-ssd-mini-tower-with-rgb-lights-wifi-6-4k-uhd-dual-lan-for-home-and-office,agni-by-skullsaints-mini-pc-intel-twin-lake-n150-vibrant-lcd-screen-m-2-ssd-mini-tower-with-rgb-lights-wifi-6-4k-uhd-dual-lan-for-home-and-office
Daily Tasks,Agni (Intel N150 Twin Lake),Intel Alder-N Lake N150,Single DDR4 — up to 32 GB,M.2 2280 NVMe + M.2 SATA — up to 8 TB,8GB DDR4 3200MHz / 256GB M.2 + Win 11 Pro,27999,39999,30%,https://www.electroniksindia.com/products/agni-by-skullsaints-mini-pc-intel-twin-lake-n150-vibrant-lcd-screen-m-2-ssd-mini-tower-with-rgb-lights-wifi-6-4k-uhd-dual-lan-for-home-and-office,agni-by-skullsaints-mini-pc-intel-twin-lake-n150-vibrant-lcd-screen-m-2-ssd-mini-tower-with-rgb-lights-wifi-6-4k-uhd-dual-lan-for-home-and-office
Daily Tasks,Agni (Intel N150 Twin Lake),Intel Alder-N Lake N150,Single DDR4 — up to 32 GB,M.2 2280 NVMe + M.2 SATA — up to 8 TB,8GB DDR4 3200MHz / 512GB M.2 + Win 11 Pro,32999,39999,18%,https://www.electroniksindia.com/products/agni-by-skullsaints-mini-pc-intel-twin-lake-n150-vibrant-lcd-screen-m-2-ssd-mini-tower-with-rgb-lights-wifi-6-4k-uhd-dual-lan-for-home-and-office,agni-by-skullsaints-mini-pc-intel-twin-lake-n150-vibrant-lcd-screen-m-2-ssd-mini-tower-with-rgb-lights-wifi-6-4k-uhd-dual-lan-for-home-and-office
Daily Tasks,Agni (Intel N150 Twin Lake),Intel Alder-N Lake N150,Single DDR4 — up to 32 GB,M.2 2280 NVMe + M.2 SATA — up to 8 TB,8GB DDR4 3200MHz / 1TB M.2 + Win 11 Pro,38999,39999,3%,https://www.electroniksindia.com/products/agni-by-skullsaints-mini-pc-intel-twin-lake-n150-vibrant-lcd-screen-m-2-ssd-mini-tower-with-rgb-lights-wifi-6-4k-uhd-dual-lan-for-home-and-office,agni-by-skullsaints-mini-pc-intel-twin-lake-n150-vibrant-lcd-screen-m-2-ssd-mini-tower-with-rgb-lights-wifi-6-4k-uhd-dual-lan-for-home-and-office
Daily Tasks,Agni (Intel N150 Twin Lake),Intel Alder-N Lake N150,Single DDR4 — up to 32 GB,M.2 2280 NVMe + M.2 SATA — up to 8 TB,16GB DDR4 3200MHz / 128GB M.2 + Win 11 Pro,30999,39999,23%,https://www.electroniksindia.com/products/agni-by-skullsaints-mini-pc-intel-twin-lake-n150-vibrant-lcd-screen-m-2-ssd-mini-tower-with-rgb-lights-wifi-6-4k-uhd-dual-lan-for-home-and-office,agni-by-skullsaints-mini-pc-intel-twin-lake-n150-vibrant-lcd-screen-m-2-ssd-mini-tower-with-rgb-lights-wifi-6-4k-uhd-dual-lan-for-home-and-office
Daily Tasks,Agni (Intel N150 Twin Lake),Intel Alder-N Lake N150,Single DDR4 — up to 32 GB,M.2 2280 NVMe + M.2 SATA — up to 8 TB,16GB DDR4 3200MHz / 256GB M.2 + Win 11 Pro,32999,39999,18%,https://www.electroniksindia.com/products/agni-by-skullsaints-mini-pc-intel-twin-lake-n150-vibrant-lcd-screen-m-2-ssd-mini-tower-with-rgb-lights-wifi-6-4k-uhd-dual-lan-for-home-and-office,agni-by-skullsaints-mini-pc-intel-twin-lake-n150-vibrant-lcd-screen-m-2-ssd-mini-tower-with-rgb-lights-wifi-6-4k-uhd-dual-lan-for-home-and-office
Daily Tasks,Agni (Intel N150 Twin Lake),Intel Alder-N Lake N150,Single DDR4 — up to 32 GB,M.2 2280 NVMe + M.2 SATA — up to 8 TB,16GB DDR4 3200MHz / 512GB M.2 + Win 11 Pro,35999,39999,10%,https://www.electroniksindia.com/products/agni-by-skullsaints-mini-pc-intel-twin-lake-n150-vibrant-lcd-screen-m-2-ssd-mini-tower-with-rgb-lights-wifi-6-4k-uhd-dual-lan-for-home-and-office,agni-by-skullsaints-mini-pc-intel-twin-lake-n150-vibrant-lcd-screen-m-2-ssd-mini-tower-with-rgb-lights-wifi-6-4k-uhd-dual-lan-for-home-and-office
Daily Tasks,Agni (Intel N150 Twin Lake),Intel Alder-N Lake N150,Single DDR4 — up to 32 GB,M.2 2280 NVMe + M.2 SATA — up to 8 TB,16GB DDR4 3200MHz / 1TB M.2 + Win 11 Pro,42999,39999,,https://www.electroniksindia.com/products/agni-by-skullsaints-mini-pc-intel-twin-lake-n150-vibrant-lcd-screen-m-2-ssd-mini-tower-with-rgb-lights-wifi-6-4k-uhd-dual-lan-for-home-and-office,agni-by-skullsaints-mini-pc-intel-twin-lake-n150-vibrant-lcd-screen-m-2-ssd-mini-tower-with-rgb-lights-wifi-6-4k-uhd-dual-lan-for-home-and-office
Daily Tasks,Ash (Intel N150 Twin Lake),Intel Alder-N Lake N150,16 GB LPDDR5 4800 MHz (non-expandable),M.2 2242 — up to 2 TB,16GB DDR5 4800MHz + 256GB M.2 + Win 11 Pro,34999,34999,,https://www.electroniksindia.com/products/ash-by-skullsaints-mini-pc-intel-twin-lake-n150-16gb-lpddr5-triple-display-support-m-2-nvme-wifi-5-bluetooth-5-2,ash-by-skullsaints-mini-pc-intel-twin-lake-n150-16gb-lpddr5-triple-display-support-m-2-nvme-wifi-5-bluetooth-5-2
Daily Tasks,Ash (Intel N150 Twin Lake),Intel Alder-N Lake N150,16 GB LPDDR5 4800 MHz (non-expandable),M.2 2242 — up to 2 TB,16GB DDR5 4800MHz + 512GB M.2 + Win 11 Pro,38999,39999,3%,https://www.electroniksindia.com/products/ash-by-skullsaints-mini-pc-intel-twin-lake-n150-16gb-lpddr5-triple-display-support-m-2-nvme-wifi-5-bluetooth-5-2,ash-by-skullsaints-mini-pc-intel-twin-lake-n150-16gb-lpddr5-triple-display-support-m-2-nvme-wifi-5-bluetooth-5-2
Daily Tasks,Ash (Intel N150 Twin Lake),Intel Alder-N Lake N150,16 GB LPDDR5 4800 MHz (non-expandable),M.2 2242 — up to 2 TB,16GB DDR5 4800MHz + 1TB M.2 + Win 11 Pro,42999,44999,4%,https://www.electroniksindia.com/products/ash-by-skullsaints-mini-pc-intel-twin-lake-n150-16gb-lpddr5-triple-display-support-m-2-nvme-wifi-5-bluetooth-5-2,ash-by-skullsaints-mini-pc-intel-twin-lake-n150-16gb-lpddr5-triple-display-support-m-2-nvme-wifi-5-bluetooth-5-2
Daily Tasks,Rudra (Intel N150 Twin Lake),Intel Alder-N Lake N150,16 GB LPDDR5 4800 MHz (non-expandable),M.2 2242 — up to 2 TB,Intel Twin Lake N150 upto 3.4GHz / 16GB DDR5 + 128GB M.2 SSD + Win 11 Pro,33999,37999,11%,https://www.electroniksindia.com/products/rudra-by-skullsaints-mini-pc-with-n150-twin-lake-upto-3-6ghz-16gb-ddr5-ram-512gb-m-2-ssd-triple-4k-display-dual-lan-wifi-6-bluetooth-5-2-win-11-pro,rudra-by-skullsaints-mini-pc-with-n150-twin-lake-upto-3-6ghz-16gb-ddr5-ram-512gb-m-2-ssd-triple-4k-display-dual-lan-wifi-6-bluetooth-5-2-win-11-pro
Daily Tasks,Rudra (Intel N150 Twin Lake),Intel Alder-N Lake N150,16 GB LPDDR5 4800 MHz (non-expandable),M.2 2242 — up to 2 TB,Intel Twin Lake N150 upto 3.4GHz / 16GB DDR5 + 512GB M.2 SSD + Win 11 Pro,38499,37999,,https://www.electroniksindia.com/products/rudra-by-skullsaints-mini-pc-with-n150-twin-lake-upto-3-6ghz-16gb-ddr5-ram-512gb-m-2-ssd-triple-4k-display-dual-lan-wifi-6-bluetooth-5-2-win-11-pro,rudra-by-skullsaints-mini-pc-with-n150-twin-lake-upto-3-6ghz-16gb-ddr5-ram-512gb-m-2-ssd-triple-4k-display-dual-lan-wifi-6-bluetooth-5-2-win-11-pro
Daily Tasks,Rudra (Intel N150 Twin Lake),Intel Alder-N Lake N150,16 GB LPDDR5 4800 MHz (non-expandable),M.2 2242 — up to 2 TB,Intel Twin Lake N150 upto 3.4GHz / 16GB DDR5 + 1TB M.2 SSD + Win 11 Pro,42999,37999,,https://www.electroniksindia.com/products/rudra-by-skullsaints-mini-pc-with-n150-twin-lake-upto-3-6ghz-16gb-ddr5-ram-512gb-m-2-ssd-triple-4k-display-dual-lan-wifi-6-bluetooth-5-2-win-11-pro,rudra-by-skullsaints-mini-pc-with-n150-twin-lake-upto-3-6ghz-16gb-ddr5-ram-512gb-m-2-ssd-triple-4k-display-dual-lan-wifi-6-bluetooth-5-2-win-11-pro
Daily Tasks,Pulse (Intel Celeron 5205U),Intel Celeron 5205U,Single DDR4 — up to 32 GB,1 × M.2 2280 (up to 2 TB) + 1 × M.2 2242 (up to 1 TB),No RAM + No Storage,12999,39999,68%,https://www.electroniksindia.com/products/pulse-by-skullsaints-mini-pc-intel-celeron-5205u-dual-m-2-ssd-slots-2-5gb-lan-hdmi-dual-4k-display-wifi-5-bt-5-0,pulse-by-skullsaints-mini-pc-intel-celeron-5205u-dual-m-2-ssd-slots-2-5gb-lan-hdmi-dual-4k-display-wifi-5-bt-5-0
Daily Tasks,Pulse (Intel Celeron 5205U),Intel Celeron 5205U,Single DDR4 — up to 32 GB,1 × M.2 2280 (up to 2 TB) + 1 × M.2 2242 (up to 1 TB),4GB DDR4 + 128GB M.2 Storage,17999,39999,55%,https://www.electroniksindia.com/products/pulse-by-skullsaints-mini-pc-intel-celeron-5205u-dual-m-2-ssd-slots-2-5gb-lan-hdmi-dual-4k-display-wifi-5-bt-5-0,pulse-by-skullsaints-mini-pc-intel-celeron-5205u-dual-m-2-ssd-slots-2-5gb-lan-hdmi-dual-4k-display-wifi-5-bt-5-0
Heavy Work,CoreX (AMD Ryzen 7 4800H),AMD Ryzen™ 7 4800H,Dual DDR4 SO-DIMM — up to 64 GB,2 × M.2 (2242 + 2280) SATA & NVMe — up to 4 TB,Black / 0GB / 0GB,27999,,,https://www.electroniksindia.com/products/corex-powered-by-ryzen-7-4800h-wi-fi-6-bt-5-2-triple-display-and-expandable-ram-storage,corex-powered-by-ryzen-7-4800h-wi-fi-6-bt-5-2-triple-display-and-expandable-ram-storage
Heavy Work,CoreX (AMD Ryzen 7 4800H),AMD Ryzen™ 7 4800H,Dual DDR4 SO-DIMM — up to 64 GB,2 × M.2 (2242 + 2280) SATA & NVMe — up to 4 TB,Black / 8GB DDR4 3200MHz / 128GB M.2 + Win 11 Pro,34999,,,https://www.electroniksindia.com/products/corex-powered-by-ryzen-7-4800h-wi-fi-6-bt-5-2-triple-display-and-expandable-ram-storage,corex-powered-by-ryzen-7-4800h-wi-fi-6-bt-5-2-triple-display-and-expandable-ram-storage
Heavy Work,CoreX (AMD Ryzen 7 4800H),AMD Ryzen™ 7 4800H,Dual DDR4 SO-DIMM — up to 64 GB,2 × M.2 (2242 + 2280) SATA & NVMe — up to 4 TB,Black / 8GB DDR4 3200MHz / 256GB M.2 + Win 11 Pro,35999,,,https://www.electroniksindia.com/products/corex-powered-by-ryzen-7-4800h-wi-fi-6-bt-5-2-triple-display-and-expandable-ram-storage,corex-powered-by-ryzen-7-4800h-wi-fi-6-bt-5-2-triple-display-and-expandable-ram-storage
Heavy Work,CoreX (AMD Ryzen 7 4800H),AMD Ryzen™ 7 4800H,Dual DDR4 SO-DIMM — up to 64 GB,2 × M.2 (2242 + 2280) SATA & NVMe — up to 4 TB,Black / 8GB DDR4 3200MHz / 512GB M.2 NVME + Win 11 Pro,38999,,,https://www.electroniksindia.com/products/corex-powered-by-ryzen-7-4800h-wi-fi-6-bt-5-2-triple-display-and-expandable-ram-storage,corex-powered-by-ryzen-7-4800h-wi-fi-6-bt-5-2-triple-display-and-expandable-ram-storage
Heavy Work,CoreX (AMD Ryzen 7 4800H),AMD Ryzen™ 7 4800H,Dual DDR4 SO-DIMM — up to 64 GB,2 × M.2 (2242 + 2280) SATA & NVMe — up to 4 TB,Black / 8GB DDR4 3200MHz / 1TB M.2 NVME + Win 11 Pro,44999,,,https://www.electroniksindia.com/products/corex-powered-by-ryzen-7-4800h-wi-fi-6-bt-5-2-triple-display-and-expandable-ram-storage,corex-powered-by-ryzen-7-4800h-wi-fi-6-bt-5-2-triple-display-and-expandable-ram-storage
Heavy Work,CoreX (AMD Ryzen 7 4800H),AMD Ryzen™ 7 4800H,Dual DDR4 SO-DIMM — up to 64 GB,2 × M.2 (2242 + 2280) SATA & NVMe — up to 4 TB,Black / 16GB DDR4 3200MHz / 128GB M.2 + Win 11 Pro,39499,,,https://www.electroniksindia.com/products/corex-powered-by-ryzen-7-4800h-wi-fi-6-bt-5-2-triple-display-and-expandable-ram-storage,corex-powered-by-ryzen-7-4800h-wi-fi-6-bt-5-2-triple-display-and-expandable-ram-storage
Heavy Work,CoreX (AMD Ryzen 7 4800H),AMD Ryzen™ 7 4800H,Dual DDR4 SO-DIMM — up to 64 GB,2 × M.2 (2242 + 2280) SATA & NVMe — up to 4 TB,Black / 16GB DDR4 3200MHz / 256GB M.2 + Win 11 Pro,40499,,,https://www.electroniksindia.com/products/corex-powered-by-ryzen-7-4800h-wi-fi-6-bt-5-2-triple-display-and-expandable-ram-storage,corex-powered-by-ryzen-7-4800h-wi-fi-6-bt-5-2-triple-display-and-expandable-ram-storage
Heavy Work,CoreX (AMD Ryzen 7 4800H),AMD Ryzen™ 7 4800H,Dual DDR4 SO-DIMM — up to 64 GB,2 × M.2 (2242 + 2280) SATA & NVMe — up to 4 TB,Black / 16GB DDR4 3200MHz / 512GB M.2 NVME + Win 11 Pro,44999,,,https://www.electroniksindia.com/products/corex-powered-by-ryzen-7-4800h-wi-fi-6-bt-5-2-triple-display-and-expandable-ram-storage,corex-powered-by-ryzen-7-4800h-wi-fi-6-bt-5-2-triple-display-and-expandable-ram-storage
Heavy Work,CoreX (AMD Ryzen 7 4800H),AMD Ryzen™ 7 4800H,Dual DDR4 SO-DIMM — up to 64 GB,2 × M.2 (2242 + 2280) SATA & NVMe — up to 4 TB,Black / 16GB DDR4 3200MHz / 1TB M.2 NVME + Win 11 Pro,49499,,,https://www.electroniksindia.com/products/corex-powered-by-ryzen-7-4800h-wi-fi-6-bt-5-2-triple-display-and-expandable-ram-storage,corex-powered-by-ryzen-7-4800h-wi-fi-6-bt-5-2-triple-display-and-expandable-ram-storage
Heavy Work,CoreX (AMD Ryzen 7 4800H),AMD Ryzen™ 7 4800H,Dual DDR4 SO-DIMM — up to 64 GB,2 × M.2 (2242 + 2280) SATA & NVMe — up to 4 TB,Black / 32GB DDR4 3200MHz (16*2) / 128GB M.2 + Win 11 Pro,48499,,,https://www.electroniksindia.com/products/corex-powered-by-ryzen-7-4800h-wi-fi-6-bt-5-2-triple-display-and-expandable-ram-storage,corex-powered-by-ryzen-7-4800h-wi-fi-6-bt-5-2-triple-display-and-expandable-ram-storage
Heavy Work,CoreX (AMD Ryzen 7 4800H),AMD Ryzen™ 7 4800H,Dual DDR4 SO-DIMM — up to 64 GB,2 × M.2 (2242 + 2280) SATA & NVMe — up to 4 TB,Black / 32GB DDR4 3200MHz (16*2) / 256GB M.2 + Win 11 Pro,49999,,,https://www.electroniksindia.com/products/corex-powered-by-ryzen-7-4800h-wi-fi-6-bt-5-2-triple-display-and-expandable-ram-storage,corex-powered-by-ryzen-7-4800h-wi-fi-6-bt-5-2-triple-display-and-expandable-ram-storage
Heavy Work,CoreX (AMD Ryzen 7 4800H),AMD Ryzen™ 7 4800H,Dual DDR4 SO-DIMM — up to 64 GB,2 × M.2 (2242 + 2280) SATA & NVMe — up to 4 TB,Black / 32GB DDR4 3200MHz (16*2) / 512GB M.2 NVME + Win 11 Pro,52499,,,https://www.electroniksindia.com/products/corex-powered-by-ryzen-7-4800h-wi-fi-6-bt-5-2-triple-display-and-expandable-ram-storage,corex-powered-by-ryzen-7-4800h-wi-fi-6-bt-5-2-triple-display-and-expandable-ram-storage
Heavy Work,CoreX (AMD Ryzen 7 4800H),AMD Ryzen™ 7 4800H,Dual DDR4 SO-DIMM — up to 64 GB,2 × M.2 (2242 + 2280) SATA & NVMe — up to 4 TB,Black / 32GB DDR4 3200MHz (16*2) / 1TB M.2 NVME + Win 11 Pro,58499,,,https://www.electroniksindia.com/products/corex-powered-by-ryzen-7-4800h-wi-fi-6-bt-5-2-triple-display-and-expandable-ram-storage,corex-powered-by-ryzen-7-4800h-wi-fi-6-bt-5-2-triple-display-and-expandable-ram-storage
Heavy Work,CoreX (AMD Ryzen 7 4800H),AMD Ryzen™ 7 4800H,Dual DDR4 SO-DIMM — up to 64 GB,2 × M.2 (2242 + 2280) SATA & NVMe — up to 4 TB,Silver / 0GB / 0GB,27999,,,https://www.electroniksindia.com/products/corex-powered-by-ryzen-7-4800h-wi-fi-6-bt-5-2-triple-display-and-expandable-ram-storage,corex-powered-by-ryzen-7-4800h-wi-fi-6-bt-5-2-triple-display-and-expandable-ram-storage
Heavy Work,CoreX (AMD Ryzen 7 4800H),AMD Ryzen™ 7 4800H,Dual DDR4 SO-DIMM — up to 64 GB,2 × M.2 (2242 + 2280) SATA & NVMe — up to 4 TB,Silver / 8GB DDR4 3200MHz / 128GB M.2 + Win 11 Pro,34999,,,https://www.electroniksindia.com/products/corex-powered-by-ryzen-7-4800h-wi-fi-6-bt-5-2-triple-display-and-expandable-ram-storage,corex-powered-by-ryzen-7-4800h-wi-fi-6-bt-5-2-triple-display-and-expandable-ram-storage
Heavy Work,CoreX (AMD Ryzen 7 4800H),AMD Ryzen™ 7 4800H,Dual DDR4 SO-DIMM — up to 64 GB,2 × M.2 (2242 + 2280) SATA & NVMe — up to 4 TB,Silver / 8GB DDR4 3200MHz / 256GB M.2 + Win 11 Pro,35999,,,https://www.electroniksindia.com/products/corex-powered-by-ryzen-7-4800h-wi-fi-6-bt-5-2-triple-display-and-expandable-ram-storage,corex-powered-by-ryzen-7-4800h-wi-fi-6-bt-5-2-triple-display-and-expandable-ram-storage
Heavy Work,CoreX (AMD Ryzen 7 4800H),AMD Ryzen™ 7 4800H,Dual DDR4 SO-DIMM — up to 64 GB,2 × M.2 (2242 + 2280) SATA & NVMe — up to 4 TB,Silver / 8GB DDR4 3200MHz / 512GB M.2 NVME + Win 11 Pro,38999,,,https://www.electroniksindia.com/products/corex-powered-by-ryzen-7-4800h-wi-fi-6-bt-5-2-triple-display-and-expandable-ram-storage,corex-powered-by-ryzen-7-4800h-wi-fi-6-bt-5-2-triple-display-and-expandable-ram-storage
Heavy Work,CoreX (AMD Ryzen 7 4800H),AMD Ryzen™ 7 4800H,Dual DDR4 SO-DIMM — up to 64 GB,2 × M.2 (2242 + 2280) SATA & NVMe — up to 4 TB,Silver / 8GB DDR4 3200MHz / 1TB M.2 NVME + Win 11 Pro,44999,,,https://www.electroniksindia.com/products/corex-powered-by-ryzen-7-4800h-wi-fi-6-bt-5-2-triple-display-and-expandable-ram-storage,corex-powered-by-ryzen-7-4800h-wi-fi-6-bt-5-2-triple-display-and-expandable-ram-storage
Heavy Work,CoreX (AMD Ryzen 7 4800H),AMD Ryzen™ 7 4800H,Dual DDR4 SO-DIMM — up to 64 GB,2 × M.2 (2242 + 2280) SATA & NVMe — up to 4 TB,Silver / 16GB DDR4 3200MHz / 128GB M.2 + Win 11 Pro,39499,,,https://www.electroniksindia.com/products/corex-powered-by-ryzen-7-4800h-wi-fi-6-bt-5-2-triple-display-and-expandable-ram-storage,corex-powered-by-ryzen-7-4800h-wi-fi-6-bt-5-2-triple-display-and-expandable-ram-storage
Heavy Work,CoreX (AMD Ryzen 7 4800H),AMD Ryzen™ 7 4800H,Dual DDR4 SO-DIMM — up to 64 GB,2 × M.2 (2242 + 2280) SATA & NVMe — up to 4 TB,Silver / 16GB DDR4 3200MHz / 256GB M.2 + Win 11 Pro,40499,,,https://www.electroniksindia.com/products/corex-powered-by-ryzen-7-4800h-wi-fi-6-bt-5-2-triple-display-and-expandable-ram-storage,corex-powered-by-ryzen-7-4800h-wi-fi-6-bt-5-2-triple-display-and-expandable-ram-storage
Heavy Work,CoreX (AMD Ryzen 7 4800H),AMD Ryzen™ 7 4800H,Dual DDR4 SO-DIMM — up to 64 GB,2 × M.2 (2242 + 2280) SATA & NVMe — up to 4 TB,Silver / 16GB DDR4 3200MHz / 512GB M.2 NVME + Win 11 Pro,44999,,,https://www.electroniksindia.com/products/corex-powered-by-ryzen-7-4800h-wi-fi-6-bt-5-2-triple-display-and-expandable-ram-storage,corex-powered-by-ryzen-7-4800h-wi-fi-6-bt-5-2-triple-display-and-expandable-ram-storage
Heavy Work,CoreX (AMD Ryzen 7 4800H),AMD Ryzen™ 7 4800H,Dual DDR4 SO-DIMM — up to 64 GB,2 × M.2 (2242 + 2280) SATA & NVMe — up to 4 TB,Silver / 16GB DDR4 3200MHz / 1TB M.2 NVME + Win 11 Pro,49999,,,https://www.electroniksindia.com/products/corex-powered-by-ryzen-7-4800h-wi-fi-6-bt-5-2-triple-display-and-expandable-ram-storage,corex-powered-by-ryzen-7-4800h-wi-fi-6-bt-5-2-triple-display-and-expandable-ram-storage
Heavy Work,CoreX (AMD Ryzen 7 4800H),AMD Ryzen™ 7 4800H,Dual DDR4 SO-DIMM — up to 64 GB,2 × M.2 (2242 + 2280) SATA & NVMe — up to 4 TB,Silver / 32GB DDR4 3200MHz (16*2) / 128GB M.2 + Win 11 Pro,48499,,,https://www.electroniksindia.com/products/corex-powered-by-ryzen-7-4800h-wi-fi-6-bt-5-2-triple-display-and-expandable-ram-storage,corex-powered-by-ryzen-7-4800h-wi-fi-6-bt-5-2-triple-display-and-expandable-ram-storage
Heavy Work,CoreX (AMD Ryzen 7 4800H),AMD Ryzen™ 7 4800H,Dual DDR4 SO-DIMM — up to 64 GB,2 × M.2 (2242 + 2280) SATA & NVMe — up to 4 TB,Silver / 32GB DDR4 3200MHz (16*2) / 256GB M.2 + Win 11 Pro,49499,,,https://www.electroniksindia.com/products/corex-powered-by-ryzen-7-4800h-wi-fi-6-bt-5-2-triple-display-and-expandable-ram-storage,corex-powered-by-ryzen-7-4800h-wi-fi-6-bt-5-2-triple-display-and-expandable-ram-storage
Heavy Work,CoreX (AMD Ryzen 7 4800H),AMD Ryzen™ 7 4800H,Dual DDR4 SO-DIMM — up to 64 GB,2 × M.2 (2242 + 2280) SATA & NVMe — up to 4 TB,Silver / 32GB DDR4 3200MHz (16*2) / 512GB M.2 NVME + Win 11 Pro,52499,,,https://www.electroniksindia.com/products/corex-powered-by-ryzen-7-4800h-wi-fi-6-bt-5-2-triple-display-and-expandable-ram-storage,corex-powered-by-ryzen-7-4800h-wi-fi-6-bt-5-2-triple-display-and-expandable-ram-storage
Heavy Work,CoreX (AMD Ryzen 7 4800H),AMD Ryzen™ 7 4800H,Dual DDR4 SO-DIMM — up to 64 GB,2 × M.2 (2242 + 2280) SATA & NVMe — up to 4 TB,Silver / 32GB DDR4 3200MHz (16*2) / 1TB M.2 NVME + Win 11 Pro,58499,,,https://www.electroniksindia.com/products/corex-powered-by-ryzen-7-4800h-wi-fi-6-bt-5-2-triple-display-and-expandable-ram-storage,corex-powered-by-ryzen-7-4800h-wi-fi-6-bt-5-2-triple-display-and-expandable-ram-storage
Heavy Work,CoreX (AMD Ryzen 9 5900HX),AMD Ryzen™ 9 5900HX,Dual DDR4 SO-DIMM — up to 64 GB,2 × M.2 (2242 + 2280) SATA & NVMe — up to 4 TB,Black / 0GB / 0GB,33999,,,https://www.electroniksindia.com/products/corex-powered-by-ryzen-9-5900hx-wi-fi-6-bt-5-2-triple-display-and-expandable-ram-storage-ai-mini-pc,corex-powered-by-ryzen-9-5900hx-wi-fi-6-bt-5-2-triple-display-and-expandable-ram-storage-ai-mini-pc
Heavy Work,CoreX (AMD Ryzen 9 5900HX),AMD Ryzen™ 9 5900HX,Dual DDR4 SO-DIMM — up to 64 GB,2 × M.2 (2242 + 2280) SATA & NVMe — up to 4 TB,Black / 8GB DDR4 3200MHz / 128GB M.2 + Win 11 Pro,39999,,,https://www.electroniksindia.com/products/corex-powered-by-ryzen-9-5900hx-wi-fi-6-bt-5-2-triple-display-and-expandable-ram-storage-ai-mini-pc,corex-powered-by-ryzen-9-5900hx-wi-fi-6-bt-5-2-triple-display-and-expandable-ram-storage-ai-mini-pc
Heavy Work,CoreX (AMD Ryzen 9 5900HX),AMD Ryzen™ 9 5900HX,Dual DDR4 SO-DIMM — up to 64 GB,2 × M.2 (2242 + 2280) SATA & NVMe — up to 4 TB,Black / 8GB DDR4 3200MHz / 256GB M.2 + Win 11 Pro,40999,,,https://www.electroniksindia.com/products/corex-powered-by-ryzen-9-5900hx-wi-fi-6-bt-5-2-triple-display-and-expandable-ram-storage-ai-mini-pc,corex-powered-by-ryzen-9-5900hx-wi-fi-6-bt-5-2-triple-display-and-expandable-ram-storage-ai-mini-pc
Heavy Work,CoreX (AMD Ryzen 9 5900HX),AMD Ryzen™ 9 5900HX,Dual DDR4 SO-DIMM — up to 64 GB,2 × M.2 (2242 + 2280) SATA & NVMe — up to 4 TB,Black / 8GB DDR4 3200MHz / 512GB M.2 NVME + Win 11 Pro,43999,,,https://www.electroniksindia.com/products/corex-powered-by-ryzen-9-5900hx-wi-fi-6-bt-5-2-triple-display-and-expandable-ram-storage-ai-mini-pc,corex-powered-by-ryzen-9-5900hx-wi-fi-6-bt-5-2-triple-display-and-expandable-ram-storage-ai-mini-pc
Heavy Work,CoreX (AMD Ryzen 9 5900HX),AMD Ryzen™ 9 5900HX,Dual DDR4 SO-DIMM — up to 64 GB,2 × M.2 (2242 + 2280) SATA & NVMe — up to 4 TB,Black / 8GB DDR4 3200MHz / 1TB M.2 NVME + Win 11 Pro,49999,,,https://www.electroniksindia.com/products/corex-powered-by-ryzen-9-5900hx-wi-fi-6-bt-5-2-triple-display-and-expandable-ram-storage-ai-mini-pc,corex-powered-by-ryzen-9-5900hx-wi-fi-6-bt-5-2-triple-display-and-expandable-ram-storage-ai-mini-pc
Heavy Work,CoreX (AMD Ryzen 9 5900HX),AMD Ryzen™ 9 5900HX,Dual DDR4 SO-DIMM — up to 64 GB,2 × M.2 (2242 + 2280) SATA & NVMe — up to 4 TB,Black / 16GB DDR4 3200MHz / 128GB M.2 + Win 11 Pro,44499,,,https://www.electroniksindia.com/products/corex-powered-by-ryzen-9-5900hx-wi-fi-6-bt-5-2-triple-display-and-expandable-ram-storage-ai-mini-pc,corex-powered-by-ryzen-9-5900hx-wi-fi-6-bt-5-2-triple-display-and-expandable-ram-storage-ai-mini-pc
Heavy Work,CoreX (AMD Ryzen 9 5900HX),AMD Ryzen™ 9 5900HX,Dual DDR4 SO-DIMM — up to 64 GB,2 × M.2 (2242 + 2280) SATA & NVMe — up to 4 TB,Black / 16GB DDR4 3200MHz / 256GB M.2 + Win 11 Pro,45499,,,https://www.electroniksindia.com/products/corex-powered-by-ryzen-9-5900hx-wi-fi-6-bt-5-2-triple-display-and-expandable-ram-storage-ai-mini-pc,corex-powered-by-ryzen-9-5900hx-wi-fi-6-bt-5-2-triple-display-and-expandable-ram-storage-ai-mini-pc
Heavy Work,CoreX (AMD Ryzen 9 5900HX),AMD Ryzen™ 9 5900HX,Dual DDR4 SO-DIMM — up to 64 GB,2 × M.2 (2242 + 2280) SATA & NVMe — up to 4 TB,Black / 16GB DDR4 3200MHz / 512GB M.2 NVME + Win 11 Pro,48499,,,https://www.electroniksindia.com/products/corex-powered-by-ryzen-9-5900hx-wi-fi-6-bt-5-2-triple-display-and-expandable-ram-storage-ai-mini-pc,corex-powered-by-ryzen-9-5900hx-wi-fi-6-bt-5-2-triple-display-and-expandable-ram-storage-ai-mini-pc
Heavy Work,CoreX (AMD Ryzen 9 5900HX),AMD Ryzen™ 9 5900HX,Dual DDR4 SO-DIMM — up to 64 GB,2 × M.2 (2242 + 2280) SATA & NVMe — up to 4 TB,Black / 16GB DDR4 3200MHz / 1TB M.2 NVME + Win 11 Pro,54499,,,https://www.electroniksindia.com/products/corex-powered-by-ryzen-9-5900hx-wi-fi-6-bt-5-2-triple-display-and-expandable-ram-storage-ai-mini-pc,corex-powered-by-ryzen-9-5900hx-wi-fi-6-bt-5-2-triple-display-and-expandable-ram-storage-ai-mini-pc
Heavy Work,CoreX (AMD Ryzen 9 5900HX),AMD Ryzen™ 9 5900HX,Dual DDR4 SO-DIMM — up to 64 GB,2 × M.2 (2242 + 2280) SATA & NVMe — up to 4 TB,Black / 32GB DDR4 3200MHz (16*2) / 128GB M.2 + Win 11 Pro,54499,,,https://www.electroniksindia.com/products/corex-powered-by-ryzen-9-5900hx-wi-fi-6-bt-5-2-triple-display-and-expandable-ram-storage-ai-mini-pc,corex-powered-by-ryzen-9-5900hx-wi-fi-6-bt-5-2-triple-display-and-expandable-ram-storage-ai-mini-pc
Heavy Work,CoreX (AMD Ryzen 9 5900HX),AMD Ryzen™ 9 5900HX,Dual DDR4 SO-DIMM — up to 64 GB,2 × M.2 (2242 + 2280) SATA & NVMe — up to 4 TB,Black / 32GB DDR4 3200MHz (16*2) / 256GB M.2 + Win 11 Pro,55499,,,https://www.electroniksindia.com/products/corex-powered-by-ryzen-9-5900hx-wi-fi-6-bt-5-2-triple-display-and-expandable-ram-storage-ai-mini-pc,corex-powered-by-ryzen-9-5900hx-wi-fi-6-bt-5-2-triple-display-and-expandable-ram-storage-ai-mini-pc
Heavy Work,CoreX (AMD Ryzen 9 5900HX),AMD Ryzen™ 9 5900HX,Dual DDR4 SO-DIMM — up to 64 GB,2 × M.2 (2242 + 2280) SATA & NVMe — up to 4 TB,Black / 32GB DDR4 3200MHz (16*2) / 512GB M.2 NVME + Win 11 Pro,57499,,,https://www.electroniksindia.com/products/corex-powered-by-ryzen-9-5900hx-wi-fi-6-bt-5-2-triple-display-and-expandable-ram-storage-ai-mini-pc,corex-powered-by-ryzen-9-5900hx-wi-fi-6-bt-5-2-triple-display-and-expandable-ram-storage-ai-mini-pc
Heavy Work,CoreX (AMD Ryzen 9 5900HX),AMD Ryzen™ 9 5900HX,Dual DDR4 SO-DIMM — up to 64 GB,2 × M.2 (2242 + 2280) SATA & NVMe — up to 4 TB,Black / 32GB DDR4 3200MHz (16*2) / 1TB M.2 NVME + Win 11 Pro,63499,,,https://www.electroniksindia.com/products/corex-powered-by-ryzen-9-5900hx-wi-fi-6-bt-5-2-triple-display-and-expandable-ram-storage-ai-mini-pc,corex-powered-by-ryzen-9-5900hx-wi-fi-6-bt-5-2-triple-display-and-expandable-ram-storage-ai-mini-pc
Heavy Work,CoreX (AMD Ryzen 9 5900HX),AMD Ryzen™ 9 5900HX,Dual DDR4 SO-DIMM — up to 64 GB,2 × M.2 (2242 + 2280) SATA & NVMe — up to 4 TB,Silver / 0GB / 0GB,33999,,,https://www.electroniksindia.com/products/corex-powered-by-ryzen-9-5900hx-wi-fi-6-bt-5-2-triple-display-and-expandable-ram-storage-ai-mini-pc,corex-powered-by-ryzen-9-5900hx-wi-fi-6-bt-5-2-triple-display-and-expandable-ram-storage-ai-mini-pc
Heavy Work,CoreX (AMD Ryzen 9 5900HX),AMD Ryzen™ 9 5900HX,Dual DDR4 SO-DIMM — up to 64 GB,2 × M.2 (2242 + 2280) SATA & NVMe — up to 4 TB,Silver / 8GB DDR4 3200MHz / 128GB M.2 + Win 11 Pro,39999,,,https://www.electroniksindia.com/products/corex-powered-by-ryzen-9-5900hx-wi-fi-6-bt-5-2-triple-display-and-expandable-ram-storage-ai-mini-pc,corex-powered-by-ryzen-9-5900hx-wi-fi-6-bt-5-2-triple-display-and-expandable-ram-storage-ai-mini-pc
Heavy Work,CoreX (AMD Ryzen 9 5900HX),AMD Ryzen™ 9 5900HX,Dual DDR4 SO-DIMM — up to 64 GB,2 × M.2 (2242 + 2280) SATA & NVMe — up to 4 TB,Silver / 8GB DDR4 3200MHz / 256GB M.2 + Win 11 Pro,40999,,,https://www.electroniksindia.com/products/corex-powered-by-ryzen-9-5900hx-wi-fi-6-bt-5-2-triple-display-and-expandable-ram-storage-ai-mini-pc,corex-powered-by-ryzen-9-5900hx-wi-fi-6-bt-5-2-triple-display-and-expandable-ram-storage-ai-mini-pc
Heavy Work,CoreX (AMD Ryzen 9 5900HX),AMD Ryzen™ 9 5900HX,Dual DDR4 SO-DIMM — up to 64 GB,2 × M.2 (2242 + 2280) SATA & NVMe — up to 4 TB,Silver / 8GB DDR4 3200MHz / 512GB M.2 NVME + Win 11 Pro,43999,,,https://www.electroniksindia.com/products/corex-powered-by-ryzen-9-5900hx-wi-fi-6-bt-5-2-triple-display-and-expandable-ram-storage-ai-mini-pc,corex-powered-by-ryzen-9-5900hx-wi-fi-6-bt-5-2-triple-display-and-expandable-ram-storage-ai-mini-pc
Heavy Work,CoreX (AMD Ryzen 9 5900HX),AMD Ryzen™ 9 5900HX,Dual DDR4 SO-DIMM — up to 64 GB,2 × M.2 (2242 + 2280) SATA & NVMe — up to 4 TB,Silver / 8GB DDR4 3200MHz / 1TB M.2 NVME + Win 11 Pro,49999,,,https://www.electroniksindia.com/products/corex-powered-by-ryzen-9-5900hx-wi-fi-6-bt-5-2-triple-display-and-expandable-ram-storage-ai-mini-pc,corex-powered-by-ryzen-9-5900hx-wi-fi-6-bt-5-2-triple-display-and-expandable-ram-storage-ai-mini-pc
Heavy Work,CoreX (AMD Ryzen 9 5900HX),AMD Ryzen™ 9 5900HX,Dual DDR4 SO-DIMM — up to 64 GB,2 × M.2 (2242 + 2280) SATA & NVMe — up to 4 TB,Silver / 16GB DDR4 3200MHz / 128GB M.2 + Win 11 Pro,44499,,,https://www.electroniksindia.com/products/corex-powered-by-ryzen-9-5900hx-wi-fi-6-bt-5-2-triple-display-and-expandable-ram-storage-ai-mini-pc,corex-powered-by-ryzen-9-5900hx-wi-fi-6-bt-5-2-triple-display-and-expandable-ram-storage-ai-mini-pc
Heavy Work,CoreX (AMD Ryzen 9 5900HX),AMD Ryzen™ 9 5900HX,Dual DDR4 SO-DIMM — up to 64 GB,2 × M.2 (2242 + 2280) SATA & NVMe — up to 4 TB,Silver / 16GB DDR4 3200MHz / 256GB M.2 + Win 11 Pro,45499,,,https://www.electroniksindia.com/products/corex-powered-by-ryzen-9-5900hx-wi-fi-6-bt-5-2-triple-display-and-expandable-ram-storage-ai-mini-pc,corex-powered-by-ryzen-9-5900hx-wi-fi-6-bt-5-2-triple-display-and-expandable-ram-storage-ai-mini-pc
Heavy Work,CoreX (AMD Ryzen 9 5900HX),AMD Ryzen™ 9 5900HX,Dual DDR4 SO-DIMM — up to 64 GB,2 × M.2 (2242 + 2280) SATA & NVMe — up to 4 TB,Silver / 16GB DDR4 3200MHz / 512GB M.2 NVME + Win 11 Pro,48499,,,https://www.electroniksindia.com/products/corex-powered-by-ryzen-9-5900hx-wi-fi-6-bt-5-2-triple-display-and-expandable-ram-storage-ai-mini-pc,corex-powered-by-ryzen-9-5900hx-wi-fi-6-bt-5-2-triple-display-and-expandable-ram-storage-ai-mini-pc
Heavy Work,CoreX (AMD Ryzen 9 5900HX),AMD Ryzen™ 9 5900HX,Dual DDR4 SO-DIMM — up to 64 GB,2 × M.2 (2242 + 2280) SATA & NVMe — up to 4 TB,Silver / 16GB DDR4 3200MHz / 1TB M.2 NVME + Win 11 Pro,54499,,,https://www.electroniksindia.com/products/corex-powered-by-ryzen-9-5900hx-wi-fi-6-bt-5-2-triple-display-and-expandable-ram-storage-ai-mini-pc,corex-powered-by-ryzen-9-5900hx-wi-fi-6-bt-5-2-triple-display-and-expandable-ram-storage-ai-mini-pc
Heavy Work,CoreX (AMD Ryzen 9 5900HX),AMD Ryzen™ 9 5900HX,Dual DDR4 SO-DIMM — up to 64 GB,2 × M.2 (2242 + 2280) SATA & NVMe — up to 4 TB,Silver / 32GB DDR4 3200MHz (16*2) / 128GB M.2 + Win 11 Pro,54499,,,https://www.electroniksindia.com/products/corex-powered-by-ryzen-9-5900hx-wi-fi-6-bt-5-2-triple-display-and-expandable-ram-storage-ai-mini-pc,corex-powered-by-ryzen-9-5900hx-wi-fi-6-bt-5-2-triple-display-and-expandable-ram-storage-ai-mini-pc
Heavy Work,CoreX (AMD Ryzen 9 5900HX),AMD Ryzen™ 9 5900HX,Dual DDR4 SO-DIMM — up to 64 GB,2 × M.2 (2242 + 2280) SATA & NVMe — up to 4 TB,Silver / 32GB DDR4 3200MHz (16*2) / 256GB M.2 + Win 11 Pro,55499,,,https://www.electroniksindia.com/products/corex-powered-by-ryzen-9-5900hx-wi-fi-6-bt-5-2-triple-display-and-expandable-ram-storage-ai-mini-pc,corex-powered-by-ryzen-9-5900hx-wi-fi-6-bt-5-2-triple-display-and-expandable-ram-storage-ai-mini-pc
Heavy Work,CoreX (AMD Ryzen 9 5900HX),AMD Ryzen™ 9 5900HX,Dual DDR4 SO-DIMM — up to 64 GB,2 × M.2 (2242 + 2280) SATA & NVMe — up to 4 TB,Silver / 32GB DDR4 3200MHz (16*2) / 512GB M.2 NVME + Win 11 Pro,57499,,,https://www.electroniksindia.com/products/corex-powered-by-ryzen-9-5900hx-wi-fi-6-bt-5-2-triple-display-and-expandable-ram-storage-ai-mini-pc,corex-powered-by-ryzen-9-5900hx-wi-fi-6-bt-5-2-triple-display-and-expandable-ram-storage-ai-mini-pc
Heavy Work,CoreX (AMD Ryzen 9 5900HX),AMD Ryzen™ 9 5900HX,Dual DDR4 SO-DIMM — up to 64 GB,2 × M.2 (2242 + 2280) SATA & NVMe — up to 4 TB,Silver / 32GB DDR4 3200MHz (16*2) / 1TB M.2 NVME + Win 11 Pro,63499,,,https://www.electroniksindia.com/products/corex-powered-by-ryzen-9-5900hx-wi-fi-6-bt-5-2-triple-display-and-expandable-ram-storage-ai-mini-pc,corex-powered-by-ryzen-9-5900hx-wi-fi-6-bt-5-2-triple-display-and-expandable-ram-storage-ai-mini-pc
Heavy Work,Dragon (AMD Ryzen 5 5600U),AMD Ryzen™ 5 5600U (TSMC 7nm),Dual-Channel DDR4 SODIMM 3200 MHz — up to 64 GB,,0GB / 0GB,27999,99999,72%,https://www.electroniksindia.com/products/skullsaints-dragon-ryzen-5-5600u-colorful-mini-pc,skullsaints-dragon-ryzen-5-5600u-colorful-mini-pc
Heavy Work,Dragon (AMD Ryzen 5 5600U),AMD Ryzen™ 5 5600U (TSMC 7nm),Dual-Channel DDR4 SODIMM 3200 MHz — up to 64 GB,,8GB DDR4 3200MHz / 128GB M.2 2280 + Win 11 Pro,35999,,,https://www.electroniksindia.com/products/skullsaints-dragon-ryzen-5-5600u-colorful-mini-pc,skullsaints-dragon-ryzen-5-5600u-colorful-mini-pc
Heavy Work,Dragon (AMD Ryzen 5 5600U),AMD Ryzen™ 5 5600U (TSMC 7nm),Dual-Channel DDR4 SODIMM 3200 MHz — up to 64 GB,,8GB DDR4 3200MHz / 256GB M.2 2280 + Win 11 Pro,37999,99999,62%,https://www.electroniksindia.com/products/skullsaints-dragon-ryzen-5-5600u-colorful-mini-pc,skullsaints-dragon-ryzen-5-5600u-colorful-mini-pc
Heavy Work,Dragon (AMD Ryzen 5 5600U),AMD Ryzen™ 5 5600U (TSMC 7nm),Dual-Channel DDR4 SODIMM 3200 MHz — up to 64 GB,,8GB DDR4 3200MHz / 512GB M.2 2280 + Win 11 Pro,41999,99999,58%,https://www.electroniksindia.com/products/skullsaints-dragon-ryzen-5-5600u-colorful-mini-pc,skullsaints-dragon-ryzen-5-5600u-colorful-mini-pc
Heavy Work,Dragon (AMD Ryzen 5 5600U),AMD Ryzen™ 5 5600U (TSMC 7nm),Dual-Channel DDR4 SODIMM 3200 MHz — up to 64 GB,,16GB DDR4 3200MHz / 128GB M.2 2280 + Win 11 Pro,38999,99999,61%,https://www.electroniksindia.com/products/skullsaints-dragon-ryzen-5-5600u-colorful-mini-pc,skullsaints-dragon-ryzen-5-5600u-colorful-mini-pc
Heavy Work,Dragon (AMD Ryzen 5 5600U),AMD Ryzen™ 5 5600U (TSMC 7nm),Dual-Channel DDR4 SODIMM 3200 MHz — up to 64 GB,,16GB DDR4 3200MHz / 256GB M.2 2280 + Win 11 Pro,40999,99999,59%,https://www.electroniksindia.com/products/skullsaints-dragon-ryzen-5-5600u-colorful-mini-pc,skullsaints-dragon-ryzen-5-5600u-colorful-mini-pc
Heavy Work,Dragon (AMD Ryzen 5 5600U),AMD Ryzen™ 5 5600U (TSMC 7nm),Dual-Channel DDR4 SODIMM 3200 MHz — up to 64 GB,,16GB DDR4 3200MHz / 512GB M.2 2280 + Win 11 Pro,44999,99999,55%,https://www.electroniksindia.com/products/skullsaints-dragon-ryzen-5-5600u-colorful-mini-pc,skullsaints-dragon-ryzen-5-5600u-colorful-mini-pc
Heavy Work,"Jupiter (Intel Core Ultra 5 135H, 14th Gen)",Intel® Core Ultra 5 135H,Dual DDR5 SO-DIMM — up to 64 GB,1 × M.2 2280 SATA/NVMe PCIe 4.0 (up to 4 TB),Barebone,47999,69999,31%,https://www.electroniksindia.com/products/jupiter-by-skullsaints-intel-core-ultra-5-135h-14-cores-18-threads-arc-graphics-ddr5-pcie-4-0-wi-fi-6-bluetooth-5-2-ai-optimized-mini-pc,jupiter-by-skullsaints-intel-core-ultra-5-135h-14-cores-18-threads-arc-graphics-ddr5-pcie-4-0-wi-fi-6-bluetooth-5-2-ai-optimized-mini-pc
Heavy Work,"Jupiter (Intel Core Ultra 5 135H, 14th Gen)",Intel® Core Ultra 5 135H,Dual DDR5 SO-DIMM — up to 64 GB,1 × M.2 2280 SATA/NVMe PCIe 4.0 (up to 4 TB),16GB DDR5 + 512GB M.2 NVME + Win 11 Pro,79999,69999,,https://www.electroniksindia.com/products/jupiter-by-skullsaints-intel-core-ultra-5-135h-14-cores-18-threads-arc-graphics-ddr5-pcie-4-0-wi-fi-6-bluetooth-5-2-ai-optimized-mini-pc,jupiter-by-skullsaints-intel-core-ultra-5-135h-14-cores-18-threads-arc-graphics-ddr5-pcie-4-0-wi-fi-6-bluetooth-5-2-ai-optimized-mini-pc
Heavy Work,"Jupiter (Intel Core Ultra 5 135H, 14th Gen)",Intel® Core Ultra 5 135H,Dual DDR5 SO-DIMM — up to 64 GB,1 × M.2 2280 SATA/NVMe PCIe 4.0 (up to 4 TB),32GB DDR5 + 1TB M.2 NVME + Win 11 Pro,104999,69999,,https://www.electroniksindia.com/products/jupiter-by-skullsaints-intel-core-ultra-5-135h-14-cores-18-threads-arc-graphics-ddr5-pcie-4-0-wi-fi-6-bluetooth-5-2-ai-optimized-mini-pc,jupiter-by-skullsaints-intel-core-ultra-5-135h-14-cores-18-threads-arc-graphics-ddr5-pcie-4-0-wi-fi-6-bluetooth-5-2-ai-optimized-mini-pc
Extreme Power,CoreX Pro Max (AMD Ryzen 7 7840HS),AMD Ryzen™ 7 7840HS (Zen 4),32GB LPDDR5 6400MHz (Non-expandable),2 × M.2 2280 NVMe (Supports up to 8TB total),32GB LPDDR5 6400MHz / 0GB,84999,129000,34%,https://www.electroniksindia.com/products/corex-pro-max-by-skullsaints-amd-ryzen-7-7840hs-radeon-780m-graphics-32gb-lpddr5-6400mhz-ram-upto-8tb-storage-usb4-8k-support-2-5g-lan-wi-fi-6-bt5-2-and-quad-display-support,corex-pro-max-by-skullsaints-amd-ryzen-7-7840hs-radeon-780m-graphics-32gb-lpddr5-6400mhz-ram-upto-8tb-storage-usb4-8k-support-2-5g-lan-wi-fi-6-bt5-2-and-quad-display-support
Extreme Power,CoreX Pro Max (AMD Ryzen 7 7840HS),AMD Ryzen™ 7 7840HS (Zen 4),32GB LPDDR5 6400MHz (Non-expandable),2 × M.2 2280 NVMe (Supports up to 8TB total),32GB LPDDR5 6400MHz / 128GB M.2 NVME + Win 11 Pro,86999,129000,33%,https://www.electroniksindia.com/products/corex-pro-max-by-skullsaints-amd-ryzen-7-7840hs-radeon-780m-graphics-32gb-lpddr5-6400mhz-ram-upto-8tb-storage-usb4-8k-support-2-5g-lan-wi-fi-6-bt5-2-and-quad-display-support,corex-pro-max-by-skullsaints-amd-ryzen-7-7840hs-radeon-780m-graphics-32gb-lpddr5-6400mhz-ram-upto-8tb-storage-usb4-8k-support-2-5g-lan-wi-fi-6-bt5-2-and-quad-display-support
Extreme Power,CoreX Pro Max (AMD Ryzen 7 7840HS),AMD Ryzen™ 7 7840HS (Zen 4),32GB LPDDR5 6400MHz (Non-expandable),2 × M.2 2280 NVMe (Supports up to 8TB total),32GB LPDDR5 6400MHz / 256GB M.2 NVME + Win 11 Pro,88999,129000,31%,https://www.electroniksindia.com/products/corex-pro-max-by-skullsaints-amd-ryzen-7-7840hs-radeon-780m-graphics-32gb-lpddr5-6400mhz-ram-upto-8tb-storage-usb4-8k-support-2-5g-lan-wi-fi-6-bt5-2-and-quad-display-support,corex-pro-max-by-skullsaints-amd-ryzen-7-7840hs-radeon-780m-graphics-32gb-lpddr5-6400mhz-ram-upto-8tb-storage-usb4-8k-support-2-5g-lan-wi-fi-6-bt5-2-and-quad-display-support
Extreme Power,CoreX Pro Max (AMD Ryzen 7 7840HS),AMD Ryzen™ 7 7840HS (Zen 4),32GB LPDDR5 6400MHz (Non-expandable),2 × M.2 2280 NVMe (Supports up to 8TB total),32GB LPDDR5 6400MHz / 512GB M.2 NVME + Win 11 Pro,92999,129000,28%,https://www.electroniksindia.com/products/corex-pro-max-by-skullsaints-amd-ryzen-7-7840hs-radeon-780m-graphics-32gb-lpddr5-6400mhz-ram-upto-8tb-storage-usb4-8k-support-2-5g-lan-wi-fi-6-bt5-2-and-quad-display-support,corex-pro-max-by-skullsaints-amd-ryzen-7-7840hs-radeon-780m-graphics-32gb-lpddr5-6400mhz-ram-upto-8tb-storage-usb4-8k-support-2-5g-lan-wi-fi-6-bt5-2-and-quad-display-support
Extreme Power,CoreX Pro Max (AMD Ryzen 7 7840HS),AMD Ryzen™ 7 7840HS (Zen 4),32GB LPDDR5 6400MHz (Non-expandable),2 × M.2 2280 NVMe (Supports up to 8TB total),32GB LPDDR5 6400MHz / 1TB M.2 NVME + Win 11 Pro,99500,129000,23%,https://www.electroniksindia.com/products/corex-pro-max-by-skullsaints-amd-ryzen-7-7840hs-radeon-780m-graphics-32gb-lpddr5-6400mhz-ram-upto-8tb-storage-usb4-8k-support-2-5g-lan-wi-fi-6-bt5-2-and-quad-display-support,corex-pro-max-by-skullsaints-amd-ryzen-7-7840hs-radeon-780m-graphics-32gb-lpddr5-6400mhz-ram-upto-8tb-storage-usb4-8k-support-2-5g-lan-wi-fi-6-bt5-2-and-quad-display-support
Extreme Power,Fury (AMD Ryzen 7 7840HS),AMD Ryzen™ 7 7840HS,Dual DDR5 SO-DIMM 5600 MHz — up to 256 GB,2 × M.2 2280 NVMe (up to 4 TB each),0GB / 0GB,49999,129000,61%,https://www.electroniksindia.com/products/fury-by-skullsaints-compact-mini-pc-with-amd-ryzen-7840hs-radeon-780m-graphics-usb4-8k-support-dual-2-5g-lan-and-wi-fi-6-bt5-2-triple-display,fury-by-skullsaints-compact-mini-pc-with-amd-ryzen-7840hs-radeon-780m-graphics-usb4-8k-support-dual-2-5g-lan-and-wi-fi-6-bt5-2-triple-display
Extreme Power,Fury (AMD Ryzen 7 7840HS),AMD Ryzen™ 7 7840HS,Dual DDR5 SO-DIMM 5600 MHz — up to 256 GB,2 × M.2 2280 NVMe (up to 4 TB each),16GB DDR5 4800MHz / 512GB M.2 NVMe + Win 11 Pro,79999,129000,38%,https://www.electroniksindia.com/products/fury-by-skullsaints-compact-mini-pc-with-amd-ryzen-7840hs-radeon-780m-graphics-usb4-8k-support-dual-2-5g-lan-and-wi-fi-6-bt5-2-triple-display,fury-by-skullsaints-compact-mini-pc-with-amd-ryzen-7840hs-radeon-780m-graphics-usb4-8k-support-dual-2-5g-lan-and-wi-fi-6-bt5-2-triple-display
Extreme Power,Fury (AMD Ryzen 7 7840HS),AMD Ryzen™ 7 7840HS,Dual DDR5 SO-DIMM 5600 MHz — up to 256 GB,2 × M.2 2280 NVMe (up to 4 TB each),16GB DDR5 4800MHz / 1TB M.2 NVMe + Win 11 Pro,85999,129000,33%,https://www.electroniksindia.com/products/fury-by-skullsaints-compact-mini-pc-with-amd-ryzen-7840hs-radeon-780m-graphics-usb4-8k-support-dual-2-5g-lan-and-wi-fi-6-bt5-2-triple-display,fury-by-skullsaints-compact-mini-pc-with-amd-ryzen-7840hs-radeon-780m-graphics-usb4-8k-support-dual-2-5g-lan-and-wi-fi-6-bt5-2-triple-display
Extreme Power,Fury (AMD Ryzen 7 7840HS),AMD Ryzen™ 7 7840HS,Dual DDR5 SO-DIMM 5600 MHz — up to 256 GB,2 × M.2 2280 NVMe (up to 4 TB each),32GB DDR5 4800MHz / 512GB M.2 NVMe + Win 11 Pro,93499,129000,28%,https://www.electroniksindia.com/products/fury-by-skullsaints-compact-mini-pc-with-amd-ryzen-7840hs-radeon-780m-graphics-usb4-8k-support-dual-2-5g-lan-and-wi-fi-6-bt5-2-triple-display,fury-by-skullsaints-compact-mini-pc-with-amd-ryzen-7840hs-radeon-780m-graphics-usb4-8k-support-dual-2-5g-lan-and-wi-fi-6-bt5-2-triple-display
Extreme Power,Fury (AMD Ryzen 7 7840HS),AMD Ryzen™ 7 7840HS,Dual DDR5 SO-DIMM 5600 MHz — up to 256 GB,2 × M.2 2280 NVMe (up to 4 TB each),32GB DDR5 4800MHz / 1TB M.2 NVMe + Win 11 Pro,99499,129000,23%,https://www.electroniksindia.com/products/fury-by-skullsaints-compact-mini-pc-with-amd-ryzen-7840hs-radeon-780m-graphics-usb4-8k-support-dual-2-5g-lan-and-wi-fi-6-bt5-2-triple-display,fury-by-skullsaints-compact-mini-pc-with-amd-ryzen-7840hs-radeon-780m-graphics-usb4-8k-support-dual-2-5g-lan-and-wi-fi-6-bt5-2-triple-display
Extreme Power,Fury (AMD Ryzen 7 7840HS),AMD Ryzen™ 7 7840HS,Dual DDR5 SO-DIMM 5600 MHz — up to 256 GB,2 × M.2 2280 NVMe (up to 4 TB each),32GB DDR5 5600MHz / 512GB M.2 NVMe + Win 11 Pro,93500,129000,28%,https://www.electroniksindia.com/products/fury-by-skullsaints-compact-mini-pc-with-amd-ryzen-7840hs-radeon-780m-graphics-usb4-8k-support-dual-2-5g-lan-and-wi-fi-6-bt5-2-triple-display,fury-by-skullsaints-compact-mini-pc-with-amd-ryzen-7840hs-radeon-780m-graphics-usb4-8k-support-dual-2-5g-lan-and-wi-fi-6-bt5-2-triple-display
Extreme Power,Fury (AMD Ryzen 7 7840HS),AMD Ryzen™ 7 7840HS,Dual DDR5 SO-DIMM 5600 MHz — up to 256 GB,2 × M.2 2280 NVMe (up to 4 TB each),32GB DDR5 5600MHz / 1TB M.2 NVMe + Win 11 Pro,99500,129000,23%,https://www.electroniksindia.com/products/fury-by-skullsaints-compact-mini-pc-with-amd-ryzen-7840hs-radeon-780m-graphics-usb4-8k-support-dual-2-5g-lan-and-wi-fi-6-bt5-2-triple-display,fury-by-skullsaints-compact-mini-pc-with-amd-ryzen-7840hs-radeon-780m-graphics-usb4-8k-support-dual-2-5g-lan-and-wi-fi-6-bt5-2-triple-display
Extreme Power,"Fury-X (AMD Ryzen 7 7840HS, OCuLink)",AMD Ryzen™ 7 7840HS (Zen4),Dual DDR5 SO-DIMM 5600 MHz — up to 64 GB,2 × M.2 2280 NVMe PCIe 4.0 (up to 4 TB per slot),0GB / 0GB,46999,129000,64%,https://www.electroniksindia.com/products/fury-x-by-skullsaints-amd-ryzen-7840hs-radeon-780m-graphics-usb4-8k-support-dual-2-5g-lan-and-wi-fi-6e-bt5-3-triple-display-with-oculink-port,fury-x-by-skullsaints-amd-ryzen-7840hs-radeon-780m-graphics-usb4-8k-support-dual-2-5g-lan-and-wi-fi-6e-bt5-3-triple-display-with-oculink-port
Extreme Power,"Fury-X (AMD Ryzen 7 7840HS, OCuLink)",AMD Ryzen™ 7 7840HS (Zen4),Dual DDR5 SO-DIMM 5600 MHz — up to 64 GB,2 × M.2 2280 NVMe PCIe 4.0 (up to 4 TB per slot),16GB DDR5 5600MHz / 512GB M.2 NVMe + Win 11 Pro,74999,129000,42%,https://www.electroniksindia.com/products/fury-x-by-skullsaints-amd-ryzen-7840hs-radeon-780m-graphics-usb4-8k-support-dual-2-5g-lan-and-wi-fi-6e-bt5-3-triple-display-with-oculink-port,fury-x-by-skullsaints-amd-ryzen-7840hs-radeon-780m-graphics-usb4-8k-support-dual-2-5g-lan-and-wi-fi-6e-bt5-3-triple-display-with-oculink-port
Extreme Power,"Fury-X (AMD Ryzen 7 7840HS, OCuLink)",AMD Ryzen™ 7 7840HS (Zen4),Dual DDR5 SO-DIMM 5600 MHz — up to 64 GB,2 × M.2 2280 NVMe PCIe 4.0 (up to 4 TB per slot),16GB DDR5 5600MHz / 1TB M.2 NVMe + Win 11 Pro,79999,129000,38%,https://www.electroniksindia.com/products/fury-x-by-skullsaints-amd-ryzen-7840hs-radeon-780m-graphics-usb4-8k-support-dual-2-5g-lan-and-wi-fi-6e-bt5-3-triple-display-with-oculink-port,fury-x-by-skullsaints-amd-ryzen-7840hs-radeon-780m-graphics-usb4-8k-support-dual-2-5g-lan-and-wi-fi-6e-bt5-3-triple-display-with-oculink-port
Extreme Power,"Fury-X (AMD Ryzen 7 7840HS, OCuLink)",AMD Ryzen™ 7 7840HS (Zen4),Dual DDR5 SO-DIMM 5600 MHz — up to 64 GB,2 × M.2 2280 NVMe PCIe 4.0 (up to 4 TB per slot),32GB DDR5 5600MHz / 512GB M.2 NVMe + Win 11 Pro,89999,129000,30%,https://www.electroniksindia.com/products/fury-x-by-skullsaints-amd-ryzen-7840hs-radeon-780m-graphics-usb4-8k-support-dual-2-5g-lan-and-wi-fi-6e-bt5-3-triple-display-with-oculink-port,fury-x-by-skullsaints-amd-ryzen-7840hs-radeon-780m-graphics-usb4-8k-support-dual-2-5g-lan-and-wi-fi-6e-bt5-3-triple-display-with-oculink-port
Extreme Power,"Fury-X (AMD Ryzen 7 7840HS, OCuLink)",AMD Ryzen™ 7 7840HS (Zen4),Dual DDR5 SO-DIMM 5600 MHz — up to 64 GB,2 × M.2 2280 NVMe PCIe 4.0 (up to 4 TB per slot),32GB DDR5 5600MHz / 1TB M.2 NVMe + Win 11 Pro,94999,129000,26%,https://www.electroniksindia.com/products/fury-x-by-skullsaints-amd-ryzen-7840hs-radeon-780m-graphics-usb4-8k-support-dual-2-5g-lan-and-wi-fi-6e-bt5-3-triple-display-with-oculink-port,fury-x-by-skullsaints-amd-ryzen-7840hs-radeon-780m-graphics-usb4-8k-support-dual-2-5g-lan-and-wi-fi-6e-bt5-3-triple-display-with-oculink-port
Extreme Power,CoreX Pro (AMD Ryzen 7 6800H),AMD Ryzen™ 7 6800H,24 GB LPDDR5 6400 MHz (non-expandable),2 × M.2 (2242 + 2280) SATA & NVMe (up to 4 TB),Black / 16GB LPDDR5 6400MHz / 0GB,41999,39999,,https://www.electroniksindia.com/products/corex-pro-by-skullsaints-powered-by-ryzen-7-6800h-24gb-lpddr5-6400mhz-usb-4-0-2-5gbps-lan-wi-fi-6e-bt-5-3-triple-display-ai-mini-pc,corex-pro-by-skullsaints-powered-by-ryzen-7-6800h-24gb-lpddr5-6400mhz-usb-4-0-2-5gbps-lan-wi-fi-6e-bt-5-3-triple-display-ai-mini-pc
Extreme Power,CoreX Pro (AMD Ryzen 7 6800H),AMD Ryzen™ 7 6800H,24 GB LPDDR5 6400 MHz (non-expandable),2 × M.2 (2242 + 2280) SATA & NVMe (up to 4 TB),Black / 16GB LPDDR5 6400MHz / 128GB M.2 + Win 11 Pro,43999,39999,,https://www.electroniksindia.com/products/corex-pro-by-skullsaints-powered-by-ryzen-7-6800h-24gb-lpddr5-6400mhz-usb-4-0-2-5gbps-lan-wi-fi-6e-bt-5-3-triple-display-ai-mini-pc,corex-pro-by-skullsaints-powered-by-ryzen-7-6800h-24gb-lpddr5-6400mhz-usb-4-0-2-5gbps-lan-wi-fi-6e-bt-5-3-triple-display-ai-mini-pc
Extreme Power,CoreX Pro (AMD Ryzen 7 6800H),AMD Ryzen™ 7 6800H,24 GB LPDDR5 6400 MHz (non-expandable),2 × M.2 (2242 + 2280) SATA & NVMe (up to 4 TB),Black / 16GB LPDDR5 6400MHz / 256GB M.2 + Win 11 Pro,45999,39999,,https://www.electroniksindia.com/products/corex-pro-by-skullsaints-powered-by-ryzen-7-6800h-24gb-lpddr5-6400mhz-usb-4-0-2-5gbps-lan-wi-fi-6e-bt-5-3-triple-display-ai-mini-pc,corex-pro-by-skullsaints-powered-by-ryzen-7-6800h-24gb-lpddr5-6400mhz-usb-4-0-2-5gbps-lan-wi-fi-6e-bt-5-3-triple-display-ai-mini-pc
Extreme Power,CoreX Pro (AMD Ryzen 7 6800H),AMD Ryzen™ 7 6800H,24 GB LPDDR5 6400 MHz (non-expandable),2 × M.2 (2242 + 2280) SATA & NVMe (up to 4 TB),Black / 16GB LPDDR5 6400MHz / 512GB M.2 NVME + Win 11 Pro,49999,39999,,https://www.electroniksindia.com/products/corex-pro-by-skullsaints-powered-by-ryzen-7-6800h-24gb-lpddr5-6400mhz-usb-4-0-2-5gbps-lan-wi-fi-6e-bt-5-3-triple-display-ai-mini-pc,corex-pro-by-skullsaints-powered-by-ryzen-7-6800h-24gb-lpddr5-6400mhz-usb-4-0-2-5gbps-lan-wi-fi-6e-bt-5-3-triple-display-ai-mini-pc
Extreme Power,CoreX Pro (AMD Ryzen 7 6800H),AMD Ryzen™ 7 6800H,24 GB LPDDR5 6400 MHz (non-expandable),2 × M.2 (2242 + 2280) SATA & NVMe (up to 4 TB),Black / 16GB LPDDR5 6400MHz / 1TB M.2 NVME + Win 11 Pro,56999,39999,,https://www.electroniksindia.com/products/corex-pro-by-skullsaints-powered-by-ryzen-7-6800h-24gb-lpddr5-6400mhz-usb-4-0-2-5gbps-lan-wi-fi-6e-bt-5-3-triple-display-ai-mini-pc,corex-pro-by-skullsaints-powered-by-ryzen-7-6800h-24gb-lpddr5-6400mhz-usb-4-0-2-5gbps-lan-wi-fi-6e-bt-5-3-triple-display-ai-mini-pc
Extreme Power,CoreX Pro (AMD Ryzen 7 6800H),AMD Ryzen™ 7 6800H,24 GB LPDDR5 6400 MHz (non-expandable),2 × M.2 (2242 + 2280) SATA & NVMe (up to 4 TB),Black / 24GB LPDDR5 6400MHz / 0GB,46999,39999,,https://www.electroniksindia.com/products/corex-pro-by-skullsaints-powered-by-ryzen-7-6800h-24gb-lpddr5-6400mhz-usb-4-0-2-5gbps-lan-wi-fi-6e-bt-5-3-triple-display-ai-mini-pc,corex-pro-by-skullsaints-powered-by-ryzen-7-6800h-24gb-lpddr5-6400mhz-usb-4-0-2-5gbps-lan-wi-fi-6e-bt-5-3-triple-display-ai-mini-pc
Extreme Power,CoreX Pro (AMD Ryzen 7 6800H),AMD Ryzen™ 7 6800H,24 GB LPDDR5 6400 MHz (non-expandable),2 × M.2 (2242 + 2280) SATA & NVMe (up to 4 TB),Black / 24GB LPDDR5 6400MHz / 128GB M.2 + Win 11 Pro,48999,39999,,https://www.electroniksindia.com/products/corex-pro-by-skullsaints-powered-by-ryzen-7-6800h-24gb-lpddr5-6400mhz-usb-4-0-2-5gbps-lan-wi-fi-6e-bt-5-3-triple-display-ai-mini-pc,corex-pro-by-skullsaints-powered-by-ryzen-7-6800h-24gb-lpddr5-6400mhz-usb-4-0-2-5gbps-lan-wi-fi-6e-bt-5-3-triple-display-ai-mini-pc
Extreme Power,CoreX Pro (AMD Ryzen 7 6800H),AMD Ryzen™ 7 6800H,24 GB LPDDR5 6400 MHz (non-expandable),2 × M.2 (2242 + 2280) SATA & NVMe (up to 4 TB),Black / 24GB LPDDR5 6400MHz / 256GB M.2 + Win 11 Pro,50999,39999,,https://www.electroniksindia.com/products/corex-pro-by-skullsaints-powered-by-ryzen-7-6800h-24gb-lpddr5-6400mhz-usb-4-0-2-5gbps-lan-wi-fi-6e-bt-5-3-triple-display-ai-mini-pc,corex-pro-by-skullsaints-powered-by-ryzen-7-6800h-24gb-lpddr5-6400mhz-usb-4-0-2-5gbps-lan-wi-fi-6e-bt-5-3-triple-display-ai-mini-pc
Extreme Power,CoreX Pro (AMD Ryzen 7 6800H),AMD Ryzen™ 7 6800H,24 GB LPDDR5 6400 MHz (non-expandable),2 × M.2 (2242 + 2280) SATA & NVMe (up to 4 TB),Black / 24GB LPDDR5 6400MHz / 512GB M.2 NVME + Win 11 Pro,54999,39999,,https://www.electroniksindia.com/products/corex-pro-by-skullsaints-powered-by-ryzen-7-6800h-24gb-lpddr5-6400mhz-usb-4-0-2-5gbps-lan-wi-fi-6e-bt-5-3-triple-display-ai-mini-pc,corex-pro-by-skullsaints-powered-by-ryzen-7-6800h-24gb-lpddr5-6400mhz-usb-4-0-2-5gbps-lan-wi-fi-6e-bt-5-3-triple-display-ai-mini-pc
Extreme Power,CoreX Pro (AMD Ryzen 7 6800H),AMD Ryzen™ 7 6800H,24 GB LPDDR5 6400 MHz (non-expandable),2 × M.2 (2242 + 2280) SATA & NVMe (up to 4 TB),Black / 24GB LPDDR5 6400MHz / 1TB M.2 NVME + Win 11 Pro,61999,39999,,https://www.electroniksindia.com/products/corex-pro-by-skullsaints-powered-by-ryzen-7-6800h-24gb-lpddr5-6400mhz-usb-4-0-2-5gbps-lan-wi-fi-6e-bt-5-3-triple-display-ai-mini-pc,corex-pro-by-skullsaints-powered-by-ryzen-7-6800h-24gb-lpddr5-6400mhz-usb-4-0-2-5gbps-lan-wi-fi-6e-bt-5-3-triple-display-ai-mini-pc
Extreme Power,CoreX Pro (AMD Ryzen 7 6800H),AMD Ryzen™ 7 6800H,24 GB LPDDR5 6400 MHz (non-expandable),2 × M.2 (2242 + 2280) SATA & NVMe (up to 4 TB),Silver / 16GB LPDDR5 6400MHz / 0GB,41999,39999,,https://www.electroniksindia.com/products/corex-pro-by-skullsaints-powered-by-ryzen-7-6800h-24gb-lpddr5-6400mhz-usb-4-0-2-5gbps-lan-wi-fi-6e-bt-5-3-triple-display-ai-mini-pc,corex-pro-by-skullsaints-powered-by-ryzen-7-6800h-24gb-lpddr5-6400mhz-usb-4-0-2-5gbps-lan-wi-fi-6e-bt-5-3-triple-display-ai-mini-pc
Extreme Power,CoreX Pro (AMD Ryzen 7 6800H),AMD Ryzen™ 7 6800H,24 GB LPDDR5 6400 MHz (non-expandable),2 × M.2 (2242 + 2280) SATA & NVMe (up to 4 TB),Silver / 16GB LPDDR5 6400MHz / 128GB M.2 + Win 11 Pro,43999,39999,,https://www.electroniksindia.com/products/corex-pro-by-skullsaints-powered-by-ryzen-7-6800h-24gb-lpddr5-6400mhz-usb-4-0-2-5gbps-lan-wi-fi-6e-bt-5-3-triple-display-ai-mini-pc,corex-pro-by-skullsaints-powered-by-ryzen-7-6800h-24gb-lpddr5-6400mhz-usb-4-0-2-5gbps-lan-wi-fi-6e-bt-5-3-triple-display-ai-mini-pc
Extreme Power,CoreX Pro (AMD Ryzen 7 6800H),AMD Ryzen™ 7 6800H,24 GB LPDDR5 6400 MHz (non-expandable),2 × M.2 (2242 + 2280) SATA & NVMe (up to 4 TB),Silver / 16GB LPDDR5 6400MHz / 256GB M.2 + Win 11 Pro,45999,39999,,https://www.electroniksindia.com/products/corex-pro-by-skullsaints-powered-by-ryzen-7-6800h-24gb-lpddr5-6400mhz-usb-4-0-2-5gbps-lan-wi-fi-6e-bt-5-3-triple-display-ai-mini-pc,corex-pro-by-skullsaints-powered-by-ryzen-7-6800h-24gb-lpddr5-6400mhz-usb-4-0-2-5gbps-lan-wi-fi-6e-bt-5-3-triple-display-ai-mini-pc
Extreme Power,CoreX Pro (AMD Ryzen 7 6800H),AMD Ryzen™ 7 6800H,24 GB LPDDR5 6400 MHz (non-expandable),2 × M.2 (2242 + 2280) SATA & NVMe (up to 4 TB),Silver / 16GB LPDDR5 6400MHz / 512GB M.2 NVME + Win 11 Pro,49999,39999,,https://www.electroniksindia.com/products/corex-pro-by-skullsaints-powered-by-ryzen-7-6800h-24gb-lpddr5-6400mhz-usb-4-0-2-5gbps-lan-wi-fi-6e-bt-5-3-triple-display-ai-mini-pc,corex-pro-by-skullsaints-powered-by-ryzen-7-6800h-24gb-lpddr5-6400mhz-usb-4-0-2-5gbps-lan-wi-fi-6e-bt-5-3-triple-display-ai-mini-pc
Extreme Power,CoreX Pro (AMD Ryzen 7 6800H),AMD Ryzen™ 7 6800H,24 GB LPDDR5 6400 MHz (non-expandable),2 × M.2 (2242 + 2280) SATA & NVMe (up to 4 TB),Silver / 16GB LPDDR5 6400MHz / 1TB M.2 NVME + Win 11 Pro,56999,39999,,https://www.electroniksindia.com/products/corex-pro-by-skullsaints-powered-by-ryzen-7-6800h-24gb-lpddr5-6400mhz-usb-4-0-2-5gbps-lan-wi-fi-6e-bt-5-3-triple-display-ai-mini-pc,corex-pro-by-skullsaints-powered-by-ryzen-7-6800h-24gb-lpddr5-6400mhz-usb-4-0-2-5gbps-lan-wi-fi-6e-bt-5-3-triple-display-ai-mini-pc
Extreme Power,CoreX Pro (AMD Ryzen 7 6800H),AMD Ryzen™ 7 6800H,24 GB LPDDR5 6400 MHz (non-expandable),2 × M.2 (2242 + 2280) SATA & NVMe (up to 4 TB),Silver / 24GB LPDDR5 6400MHz / 0GB,46999,39999,,https://www.electroniksindia.com/products/corex-pro-by-skullsaints-powered-by-ryzen-7-6800h-24gb-lpddr5-6400mhz-usb-4-0-2-5gbps-lan-wi-fi-6e-bt-5-3-triple-display-ai-mini-pc,corex-pro-by-skullsaints-powered-by-ryzen-7-6800h-24gb-lpddr5-6400mhz-usb-4-0-2-5gbps-lan-wi-fi-6e-bt-5-3-triple-display-ai-mini-pc
Extreme Power,CoreX Pro (AMD Ryzen 7 6800H),AMD Ryzen™ 7 6800H,24 GB LPDDR5 6400 MHz (non-expandable),2 × M.2 (2242 + 2280) SATA & NVMe (up to 4 TB),Silver / 24GB LPDDR5 6400MHz / 128GB M.2 + Win 11 Pro,48999,39999,,https://www.electroniksindia.com/products/corex-pro-by-skullsaints-powered-by-ryzen-7-6800h-24gb-lpddr5-6400mhz-usb-4-0-2-5gbps-lan-wi-fi-6e-bt-5-3-triple-display-ai-mini-pc,corex-pro-by-skullsaints-powered-by-ryzen-7-6800h-24gb-lpddr5-6400mhz-usb-4-0-2-5gbps-lan-wi-fi-6e-bt-5-3-triple-display-ai-mini-pc
Extreme Power,CoreX Pro (AMD Ryzen 7 6800H),AMD Ryzen™ 7 6800H,24 GB LPDDR5 6400 MHz (non-expandable),2 × M.2 (2242 + 2280) SATA & NVMe (up to 4 TB),Silver / 24GB LPDDR5 6400MHz / 256GB M.2 + Win 11 Pro,50999,39999,,https://www.electroniksindia.com/products/corex-pro-by-skullsaints-powered-by-ryzen-7-6800h-24gb-lpddr5-6400mhz-usb-4-0-2-5gbps-lan-wi-fi-6e-bt-5-3-triple-display-ai-mini-pc,corex-pro-by-skullsaints-powered-by-ryzen-7-6800h-24gb-lpddr5-6400mhz-usb-4-0-2-5gbps-lan-wi-fi-6e-bt-5-3-triple-display-ai-mini-pc
Extreme Power,CoreX Pro (AMD Ryzen 7 6800H),AMD Ryzen™ 7 6800H,24 GB LPDDR5 6400 MHz (non-expandable),2 × M.2 (2242 + 2280) SATA & NVMe (up to 4 TB),Silver / 24GB LPDDR5 6400MHz / 512GB M.2 NVME + Win 11 Pro,54999,39999,,https://www.electroniksindia.com/products/corex-pro-by-skullsaints-powered-by-ryzen-7-6800h-24gb-lpddr5-6400mhz-usb-4-0-2-5gbps-lan-wi-fi-6e-bt-5-3-triple-display-ai-mini-pc,corex-pro-by-skullsaints-powered-by-ryzen-7-6800h-24gb-lpddr5-6400mhz-usb-4-0-2-5gbps-lan-wi-fi-6e-bt-5-3-triple-display-ai-mini-pc
Extreme Power,CoreX Pro (AMD Ryzen 7 6800H),AMD Ryzen™ 7 6800H,24 GB LPDDR5 6400 MHz (non-expandable),2 × M.2 (2242 + 2280) SATA & NVMe (up to 4 TB),Silver / 24GB LPDDR5 6400MHz / 1TB M.2 NVME + Win 11 Pro,61999,39999,,https://www.electroniksindia.com/products/corex-pro-by-skullsaints-powered-by-ryzen-7-6800h-24gb-lpddr5-6400mhz-usb-4-0-2-5gbps-lan-wi-fi-6e-bt-5-3-triple-display-ai-mini-pc,corex-pro-by-skullsaints-powered-by-ryzen-7-6800h-24gb-lpddr5-6400mhz-usb-4-0-2-5gbps-lan-wi-fi-6e-bt-5-3-triple-display-ai-mini-pc
Extreme Power,"Jupiter (Intel Core Ultra 7 155H, 14th Gen)",Intel® Core Ultra 7 155H,Dual DDR5 SO-DIMM — up to 64 GB,1 × M.2 2280 SATA/NVMe PCIe 4.0 (up to 4 TB),0GB / 0GB,53999,69999,23%,https://www.electroniksindia.com/products/jupiter-by-skullsaints-intel-core-ultra-7-155h-16-cores-22-threads-arc-graphics-ddr5-pcie-4-0-wi-fi-6-bluetooth-5-2-ai-optimized-high-performance-mini-pc,jupiter-by-skullsaints-intel-core-ultra-7-155h-16-cores-22-threads-arc-graphics-ddr5-pcie-4-0-wi-fi-6-bluetooth-5-2-ai-optimized-high-performance-mini-pc
Extreme Power,"Jupiter (Intel Core Ultra 7 155H, 14th Gen)",Intel® Core Ultra 7 155H,Dual DDR5 SO-DIMM — up to 64 GB,1 × M.2 2280 SATA/NVMe PCIe 4.0 (up to 4 TB),16GB DDR5 4800MHz / 512GB M.2 NVMe + Win 11 Pro,85999,69999,,https://www.electroniksindia.com/products/jupiter-by-skullsaints-intel-core-ultra-7-155h-16-cores-22-threads-arc-graphics-ddr5-pcie-4-0-wi-fi-6-bluetooth-5-2-ai-optimized-high-performance-mini-pc,jupiter-by-skullsaints-intel-core-ultra-7-155h-16-cores-22-threads-arc-graphics-ddr5-pcie-4-0-wi-fi-6-bluetooth-5-2-ai-optimized-high-performance-mini-pc
Extreme Power,"Jupiter (Intel Core Ultra 7 155H, 14th Gen)",Intel® Core Ultra 7 155H,Dual DDR5 SO-DIMM — up to 64 GB,1 × M.2 2280 SATA/NVMe PCIe 4.0 (up to 4 TB),16GB DDR5 4800MHz / 1TB M.2 NVMe + Win 11 Pro,94999,69999,,https://www.electroniksindia.com/products/jupiter-by-skullsaints-intel-core-ultra-7-155h-16-cores-22-threads-arc-graphics-ddr5-pcie-4-0-wi-fi-6-bluetooth-5-2-ai-optimized-high-performance-mini-pc,jupiter-by-skullsaints-intel-core-ultra-7-155h-16-cores-22-threads-arc-graphics-ddr5-pcie-4-0-wi-fi-6-bluetooth-5-2-ai-optimized-high-performance-mini-pc
Extreme Power,"Jupiter (Intel Core Ultra 7 155H, 14th Gen)",Intel® Core Ultra 7 155H,Dual DDR5 SO-DIMM — up to 64 GB,1 × M.2 2280 SATA/NVMe PCIe 4.0 (up to 4 TB),32GB DDR5 4800MHz / 512GB M.2 NVMe + Win 11 Pro,99999,69999,,https://www.electroniksindia.com/products/jupiter-by-skullsaints-intel-core-ultra-7-155h-16-cores-22-threads-arc-graphics-ddr5-pcie-4-0-wi-fi-6-bluetooth-5-2-ai-optimized-high-performance-mini-pc,jupiter-by-skullsaints-intel-core-ultra-7-155h-16-cores-22-threads-arc-graphics-ddr5-pcie-4-0-wi-fi-6-bluetooth-5-2-ai-optimized-high-performance-mini-pc
Extreme Power,"Jupiter (Intel Core Ultra 7 155H, 14th Gen)",Intel® Core Ultra 7 155H,Dual DDR5 SO-DIMM — up to 64 GB,1 × M.2 2280 SATA/NVMe PCIe 4.0 (up to 4 TB),32GB DDR5 4800MHz / 1TB M.2 NVMe + Win 11 Pro,105999,69999,,https://www.electroniksindia.com/products/jupiter-by-skullsaints-intel-core-ultra-7-155h-16-cores-22-threads-arc-graphics-ddr5-pcie-4-0-wi-fi-6-bluetooth-5-2-ai-optimized-high-performance-mini-pc,jupiter-by-skullsaints-intel-core-ultra-7-155h-16-cores-22-threads-arc-graphics-ddr5-pcie-4-0-wi-fi-6-bluetooth-5-2-ai-optimized-high-performance-mini-pc
Extreme Power,"Jupiter (Intel Core Ultra 7 155H, 14th Gen)",Intel® Core Ultra 7 155H,Dual DDR5 SO-DIMM — up to 64 GB,1 × M.2 2280 SATA/NVMe PCIe 4.0 (up to 4 TB),32GB DDR5 5600MHz / 512GB M.2 NVMe + Win 11 Pro,99999,69999,,https://www.electroniksindia.com/products/jupiter-by-skullsaints-intel-core-ultra-7-155h-16-cores-22-threads-arc-graphics-ddr5-pcie-4-0-wi-fi-6-bluetooth-5-2-ai-optimized-high-performance-mini-pc,jupiter-by-skullsaints-intel-core-ultra-7-155h-16-cores-22-threads-arc-graphics-ddr5-pcie-4-0-wi-fi-6-bluetooth-5-2-ai-optimized-high-performance-mini-pc
Extreme Power,"Jupiter (Intel Core Ultra 7 155H, 14th Gen)",Intel® Core Ultra 7 155H,Dual DDR5 SO-DIMM — up to 64 GB,1 × M.2 2280 SATA/NVMe PCIe 4.0 (up to 4 TB),32GB DDR5 5600MHz / 1TB M.2 NVMe + Win 11 Pro,107999,69999,,https://www.electroniksindia.com/products/jupiter-by-skullsaints-intel-core-ultra-7-155h-16-cores-22-threads-arc-graphics-ddr5-pcie-4-0-wi-fi-6-bluetooth-5-2-ai-optimized-high-performance-mini-pc,jupiter-by-skullsaints-intel-core-ultra-7-155h-16-cores-22-threads-arc-graphics-ddr5-pcie-4-0-wi-fi-6-bluetooth-5-2-ai-optimized-high-performance-mini-pc
NAS Mini PC,Nebula NAS (Intel N150 Twin Lake),Intel Alder-N Lake N150,12 GB LPDDR5 (non-expandable),1 × M.2 2280 NVMe & SATA + 3 × M.2 NVMe (PCIe 3.0) — up to 16 TB,12GB LPDDR5 + 64GB eMMC (Ubuntu Installed),27999,34999,20%,https://www.electroniksindia.com/products/nebula-by-skullsaints-mini-pc-nas-hybrid-with-intel-n150-12gb-lpddr5-quad-m-2-slots-up-to-16tb-dual-2-5g-lan-wifi-6-usb3-2-hdmi-4k-type-c-pd,nebula-by-skullsaints-mini-pc-nas-hybrid-with-intel-n150-12gb-lpddr5-quad-m-2-slots-up-to-16tb-dual-2-5g-lan-wifi-6-usb3-2-hdmi-4k-type-c-pd
Industrial Fanless,Onyx Industrial (Intel Celeron J6412),"Intel Celeron J6412 (4C / 4T, up to 2.6 GHz)",2 × DDR4 SO-DIMM 2666 MHz 8 GB Included (Up to 32 GB),1 × M.2 NVMe SSD 256 GB Included (Up to 2 TB),0GB / 0GB,19999,39999,50%,https://www.electroniksindia.com/products/skullsaints-onyx-intel-j6412,skullsaints-onyx-intel-j6412
Industrial Fanless,Onyx Industrial (Intel Celeron J6412),"Intel Celeron J6412 (4C / 4T, up to 2.6 GHz)",2 × DDR4 SO-DIMM 2666 MHz 8 GB Included (Up to 32 GB),1 × M.2 NVMe SSD 256 GB Included (Up to 2 TB),8GB DDR4 / 128GB M.2,26999,39999,33%,https://www.electroniksindia.com/products/skullsaints-onyx-intel-j6412,skullsaints-onyx-intel-j6412
Industrial Fanless,Onyx Industrial (Intel Celeron J6412),"Intel Celeron J6412 (4C / 4T, up to 2.6 GHz)",2 × DDR4 SO-DIMM 2666 MHz 8 GB Included (Up to 32 GB),1 × M.2 NVMe SSD 256 GB Included (Up to 2 TB),8GB DDR4 / 256GB M.2,28499,39999,29%,https://www.electroniksindia.com/products/skullsaints-onyx-intel-j6412,skullsaints-onyx-intel-j6412
Industrial Fanless,Onyx Industrial (Intel Celeron J6412),"Intel Celeron J6412 (4C / 4T, up to 2.6 GHz)",2 × DDR4 SO-DIMM 2666 MHz 8 GB Included (Up to 32 GB),1 × M.2 NVMe SSD 256 GB Included (Up to 2 TB),8GB DDR4 / 512GB M.2,33999,39999,15%,https://www.electroniksindia.com/products/skullsaints-onyx-intel-j6412,skullsaints-onyx-intel-j6412
Industrial Fanless,Onyx Industrial (Intel Celeron J6412),"Intel Celeron J6412 (4C / 4T, up to 2.6 GHz)",2 × DDR4 SO-DIMM 2666 MHz 8 GB Included (Up to 32 GB),1 × M.2 NVMe SSD 256 GB Included (Up to 2 TB),16GB DDR4 / 128GB M.2,31999,39999,20%,https://www.electroniksindia.com/products/skullsaints-onyx-intel-j6412,skullsaints-onyx-intel-j6412
Industrial Fanless,Onyx Industrial (Intel Celeron J6412),"Intel Celeron J6412 (4C / 4T, up to 2.6 GHz)",2 × DDR4 SO-DIMM 2666 MHz 8 GB Included (Up to 32 GB),1 × M.2 NVMe SSD 256 GB Included (Up to 2 TB),16GB DDR4 / 256GB M.2,33999,39999,15%,https://www.electroniksindia.com/products/skullsaints-onyx-intel-j6412,skullsaints-onyx-intel-j6412
Industrial Fanless,Onyx Industrial (Intel Celeron J6412),"Intel Celeron J6412 (4C / 4T, up to 2.6 GHz)",2 × DDR4 SO-DIMM 2666 MHz 8 GB Included (Up to 32 GB),1 × M.2 NVMe SSD 256 GB Included (Up to 2 TB),16GB DDR4 / 512GB M.2,39999,39999,,https://www.electroniksindia.com/products/skullsaints-onyx-intel-j6412,skullsaints-onyx-intel-j6412
Legacy / Older Listings,Rudra (Intel Alder Lake N100 / N5105) [legacy],,,,12th Gen Alder Lake N100 upto 3.4GHz / 8GB DDR5 + 256GB M.2 SSD + Genuine Windows 11 Pro,22999,29999,23%,https://www.electroniksindia.com/products/rudra-by-skullsaints-intel-12th-gen-alder-lake-processor-hdmi-4k-60hz-3-screen-display-dual-ethernet-cube-mini-pocket-pc,rudra-by-skullsaints-intel-12th-gen-alder-lake-processor-hdmi-4k-60hz-3-screen-display-dual-ethernet-cube-mini-pocket-pc
Legacy / Older Listings,Rudra (Intel Alder Lake N100 / N5105) [legacy],,,,12th Gen Alder Lake N100 upto 3.4GHz / 16GB DDR5 + 256GB M.2 SSD + Genuine Windows 11 Pro,22999,29999,23%,https://www.electroniksindia.com/products/rudra-by-skullsaints-intel-12th-gen-alder-lake-processor-hdmi-4k-60hz-3-screen-display-dual-ethernet-cube-mini-pocket-pc,rudra-by-skullsaints-intel-12th-gen-alder-lake-processor-hdmi-4k-60hz-3-screen-display-dual-ethernet-cube-mini-pocket-pc
Legacy / Older Listings,Rudra (Intel Alder Lake N100 / N5105) [legacy],,,,12th Gen Alder Lake N100 upto 3.4GHz / 16GB DDR5 + 512GB M.2 SSD + Genuine Windows 11 Pro,22999,37999,39%,https://www.electroniksindia.com/products/rudra-by-skullsaints-intel-12th-gen-alder-lake-processor-hdmi-4k-60hz-3-screen-display-dual-ethernet-cube-mini-pocket-pc,rudra-by-skullsaints-intel-12th-gen-alder-lake-processor-hdmi-4k-60hz-3-screen-display-dual-ethernet-cube-mini-pocket-pc
Legacy / Older Listings,Titan (AMD Ryzen 9 6900HX) [legacy],,,,32GB DDR5 4800MHz (16*2) / 1TB PCIe NVME / Genuine Windows 11 Pro,59999,129000,53%,https://www.electroniksindia.com/products/titan-by-skullsaints-amd-ryzen-9-6900hx-8c-16t-upto-4-9ghz-ddr5-4800mhz-dual-m-2-ssd-wifi-6-bt-5-2-rgb-gaming-mini-pc,titan-by-skullsaints-amd-ryzen-9-6900hx-8c-16t-upto-4-9ghz-ddr5-4800mhz-dual-m-2-ssd-wifi-6-bt-5-2-rgb-gaming-mini-pc
Legacy / Older Listings,Titan (AMD Ryzen 9 6900HX) [legacy],,,,0GB RAM / 0GB SSD / No OS,44999,129000,65%,https://www.electroniksindia.com/products/titan-by-skullsaints-amd-ryzen-9-6900hx-8c-16t-upto-4-9ghz-ddr5-4800mhz-dual-m-2-ssd-wifi-6-bt-5-2-rgb-gaming-mini-pc,titan-by-skullsaints-amd-ryzen-9-6900hx-8c-16t-upto-4-9ghz-ddr5-4800mhz-dual-m-2-ssd-wifi-6-bt-5-2-rgb-gaming-mini-pc
